ABE,16,ALB,ATL,BGM,BOS,CLE,CLT,CVG,DTW,IAD,MDT,ORD,ORH,PHL,PIT,SFB,YYZ
ABI,2,DFW,IFP
ABQ,39,ALM,AMA,ATL,BWI,CNM,COS,CVG,CVN,DFW,DEN,DRO,ELP,FMN,GUP,IAH,IFP,LAS,LAX,LBB,MAF,MCI,MCO,ORD,MSP,SFO,OKC,PDX,PHX,ROW,RUI,SAF,SAN,SEA,SLC,STL,SVC,TPA,TSM,TUS
ABR,3,ATY,MSP,PIR
ABY,1,ATL
ACK,10,ALB,BED,BOS,IAD,EWB,EWR,HYA,MVY,PHL,PVD
ACT,1,DFW
ACV,5,CEC,PDX,RDD,SFO,SMF
ACY,14,BED,BWI,CVG,DTW,FLL,HPN,MCO,MVY,MYR,PBI,PHL,PSM,RSW,TPA
AEX,4,DFW,GTR,IAH,MEM
AGS,4,ATL,CHS,CLT,SAV
AHN,1,CLT
AIA,2,CDR,DEN
ALB,36,ABE,ACK,ATL,BDL,BGM,BGR,BOS,BTV,BUF,BWI,CLE,CLT,CVG,IAD,DTW,EWR,HPN,ISP,LAS,LEB,MCO,MDT,MHT,MSP,ORD,PHL,PIT,PVD,PWM,ROC,SLK,SYR,UCA,YOW,YUL,YYZ
ALM,2,ABQ,RUI
ALO,3,MSP,ORD,STL
ALS,1,DEN
ALW,1,SEA
AMA,6,ABQ,DFW,DEN,IAH,IFP,LAS
AOO,3,JST,LNS,PIT
APF,6,EYW,FLL,MIA,MTH,TPA,SFB
APN,2,CIU,DTW
ART,3,MSS,OGS,PIT
ASE,6,DEN,LAX,MEM,MSP,PHX,SFO
ATL,185,ABE,ABQ,ABY,AGS,ALB,AMS,ANC,AUA,AUS,AVL,AVP,BCN,BDA,BDL,BHM,BMI,BNA,BOG,BOS,BQK,BRU,BTR,BUF,BWI,CAE,CAK,CCS,CDG,CHA,CHO,CHS,CLE,CLT,CMH,COS,CPT,CRP,CRW,CSG,CUN,CVG,DAB,DFW,DAY,IAD,DEN,DHN,DSM,DTW,DUB,EGE,ELP,EVV,EWR,EYW,EZE,FAY,FCO,FLL,FLO,FNT,FPO,FRA,FWA,GCM,GDL,SDU,GNV,GPT,GRR,CGH,GSO,GSP,GTR,GUA,IAH,HPN,HSV,HTS,ICN,ICT,ILM,IND,ISP,JAC,JAN,JAX,JNB,LAS,LAX,LEX,LHR,LIM,LIR,LIT,LWB,LYH,MAD,MAN,MBJ,MCI,MCN,MCO,MDT,ORD,MEI,MEM,MEX,MGM,MHT,MIA,MKE,MLB,MLI,MLU,MOB,MSP,MSY,MTY,MUC,MXP,MYR,NAS,NRT,SFO,OKC,OMA,ORF,ORH,PBI,PDX,PFN,PHF,PHL,PHX,PIA,PIT,PLS,PNS,PSP,PTY,PVD,PWM,RDU,RIC,ROA,ROC,RSW,SAL,SAN,SAT,SAV,SBN,SCL,SDF,SEA,SHV,SID,SJD,SJO,SJU,SLC,SMF,SNN,SRQ,STL,STR,STT,SWF,SXM,SYR,TLH,TOL,TPA,TRI,TUL,TUS,TYS,VLD,VPS,XNA,YOW,YUL,YYZ,ZRH
ATW,8,CVG,DTW,GRB,MKE,MQT,MSN,MSP,ORD
ATY,3,ABR,MSP,PIR
AUG,2,BOS,RKD
AUS,28,ATL,BNA,BWI,CVG,DFW,DEN,ELP,EWR,IAH,HRL,IAD,LAS,LAX,LBB,MAF,MCI,MCO,MEM,MSP,ORD,PHX,RDU,SAN,SAT,SFO,SLC,STL,TPA
AVL,6,ATL,CLT,CVG,EWR,GSP,RDU
AVP,5,ATL,CVG,ORD,PHL,PIT
AZO,5,CVG,DTW,MSP,ORD,PIT
BDL,34,ALB,ATL,BNA,BUF,BWI,CLE,CLT,CMH,CVG,IAD,DEN,DFW,DTW,EWR,FLL,FPO,LAS,MCO,ORD,MIA,MKE,MSP,PBI,PHL,PHX,PIT,RDU,ROC,SJU,STL,SYR,TPA,YUL,YYZ
BED,8,ACK,ACY,EWR,HPN,MVY,PHL,PSM,TTN
BFD,1,PIT
BFF,1,DEN
BFL,3,LAX,PHX,SFO
BGM,11,ABE,ALB,BUF,DTW,ELM,IAD,ITH,PHL,PIT,ROC,SYR
BGR,10,ALB,BOS,BWI,CVG,EWR,PHL,PSM,PWM,SFB,YSJ
BHB,2,BOS,RKD
BHM,24,ATL,BNA,BWI,CLT,CVG,DFW,DTW,EWR,FPO,IAH,HSV,IAD,JAX,LAS,MCO,ORD,MEM,MSY,PHL,PHX,PIT,SDF,STL,TPA
BIL,20,BOI,CPR,DEN,FCA,GCC,GGW,GTF,HLN,IFP,LWT,MLS,MSO,MSP,OLF,PDX,PHX,SDY,SEA,SLC,LAX
BIS,4,DEN,IFP,ISN,MSP
BJI,4,INL,MSP,STC,TVF
BKW,3,BLF,IAD,PIT
BKX,2,HON,MSP
BLF,3,BKW,IAD,PIT
BLI,3,ESD,IFP,SEA
BMI,8,ATL,CMI,DTW,MCO,MSP,ORD,PIA,STL
BNA,50,ATL,AUS,BDL,BHM,BOS,BWI,CLE,CLT,CMH,CVG,IAD,DEN,DFW,DTW,EWR,FLL,FPO,GUC,IAH,IND,ISP,JAX,LAS,LAX,LIT,MCI,MCO,ORD,MEM,MHT,MIA,MKE,MSP,MSY,SFO,OKC,PBI,PHL,PHX,PIT,PVD,RDU,SAN,SAT,SEA,STL,TPA,TRI,TUL,YYZ
BOI,22,BIL,DEN,DFW,GEG,IDA,IFP,LAS,LAX,LWS,MSO,MSP,SFO,ORD,PDX,PHX,PIH,RNO,SAN,SEA,SLC,SMF,SUN
BOS,91,ABE,ACK,ALB,AMS,ATL,AUA,AUG,BDA,BGR,BHB,BNA,BRU,BTV,BUF,BWI,BZN,CAE,CDG,CLE,CLT,CMH,CVG,IAD,DEN,DFW,DTW,DUB,ELM,EWR,FLL,FRA,GSO,HPN,HYA,IAH,IND,ISP,ITH,KEF,LAS,LAX,LHR,MBJ,MCI,MCO,MDT,ORD,MEM,MIA,MKE,MSP,MUC,MVY,MXP,MYR,ORF,PAP,PBI,PHL,PHX,PIT,PLS,PQI,PVC,PWM,RDU,RIC,RKD,ROC,RSW,RUT,SAL,SAN,SDQ,SEA,SFO,SJU,SLC,SNN,STL,STT,SYR,TPA,YHZ,YOW,YQB,YQX,YUL,YVR,YYZ,ZRH
BPT,2,DFW,IAH
BQK,1,ATL
BRD,5,HIB,IFP,INL,MSP,STC
BRL,1,STL
BRO,1,IAH
BTM,4,BZN,IFP,SEA,SLC
BTR,7,ATL,CLT,IAD,DFW,IAH,MEM,ORD
BTV,11,ALB,BOS,CLE,CVG,IAD,DTW,EWR,ORD,PHL,PIT,PLB
BUF,24,ALB,ATL,BDL,BGM,BOS,BWI,CLE,CLT,CVG,IAD,DFW,DTW,EWR,HPN,LAS,MCO,MDT,ORD,MSP,PHL,PHX,PIT,ROC,SYR
BWD,2,DFW,HOB
BWI,77,ABQ,ACC,ACY,ALB,ATL,AUS,BDA,BDL,BGR,BHM,BJL,BNA,BOS,BUF,CAE,CLE,CLT,CMH,CRW,CVG,IAD,DEN,DFW,DTW,EWR,FLL,FPO,GSO,HGR,IAH,HPN,IND,ISP,JAN,JAX,KEF,KIN,LAS,LAX,LHR,LIT,MBJ,MCI,MCO,ORD,MHT,MIA,MKE,MSP,MSY,MVY,NAS,OKC,ORF,PBI,PHL,PHX,PIT,PSM,PVD,RDU,RIC,ROC,RSW,SAT,SBY,SDF,SEA,SFB,SFO,SJU,SLC,STL,SYR,TPA,TYS,YYZ
BZN,8,BOS,BTM,DEN,DTW,LAX,MSP,SEA,SLC
CAE,13,ATL,BOS,BWI,CLT,CVG,IAD,DFW,EWR,GSP,IAH,ORD,PHL,PIT
CAK,8,ATL,CLT,CVG,DTW,MCO,ORD,PIT,YNG
CBE,1,HGR
CDC,2,SGU,SLC
CDR,2,AIA,DEN
CEC,2,ACV,SFO
CEZ,1,DEN
CGI,1,STL
CHA,5,ATL,CLT,CVG,MEM,ORD
CHO,8,ATL,CLT,CVG,IAD,EWR,PHL,PIT,ROA
CHS,14,AGS,ATL,CLT,CVG,IAD,DFW,DTW,EWR,IAH,ORD,PHL,PIT,RDU,YYZ
CIC,1,SFO
CID,10,CVG,DEN,DFW,DTW,IFP,MCI,ORD,MSP,PIT,STL
CIU,1,APN
CKB,3,CVG,MGW,PIT
CLD,2,LAX,PHX
CLE,69,ABE,ALB,ATL,BDL,BNA,BOS,BTV,BUF,BWI,CLT,CMH,CRW,CUN,CVG,DAY,IAD,DEN,DFW,DTW,EWR,FLL,FPO,FWA,GRR,GSP,HPN,IAH,IND,ISP,JAX,LAS,LAX,LEX,LHR,MCI,MCO,MDT,ORD,MEM,MHT,MIA,MKE,MSN,MSP,MSY,MYR,NAS,ORF,PBI,PHL,PHX,PIT,PVD,PWM,RDU,RIC,ROC,RSW,SAV,SDF,SFO,SJU,SRQ,STL,SYR,TPA,TYS,YUL,YYZ
CLL,2,DFW,IAH
CLM,1,SEA
CLT,110,ABE,AGS,AHN,ALB,ATL,AUA,AVL,BDA,BDL,BHM,BNA,BOS,BTR,BUF,BWI,BZE,CAE,CAK,CHA,CHO,CHS,CLE,CMH,CRW,CSG,CUN,CVG,CZM,DAY,IAD,DEN,DFW,DTW,EWN,EWR,FAY,FLL,FLO,FPO,FRA,GCM,GNV,GSO,GSP,HHH,HKY,HSV,HTS,IAH,ILM,IND,JAN,JAX,LAS,LAX,LEX,LHR,LIT,LWB,LYH,MBJ,MCI,MCO,MDT,ORD,MEM,MGM,MHT,MIA,MKE,MOB,MSP,MSY,MYR,NAS,OAJ,ORF,PBI,PGV,PHF,PHL,PHX,PIT,PLS,PNS,PUJ,PVD,RDU,RIC,ROA,ROC,RSW,SAN,SAV,SDF,SEA,SFO,SJU,SOP,SRQ,STL,STT,SXM,SYR,TLH,TPA,TRI,TYS,XNA,YYZ
CMH,32,ATL,BDL,BNA,BOS,BWI,CLE,CLT,CVG,DAY,IAD,DEN,DFW,DTW,EWR,GRR,IAH,IND,LAS,LAX,MCO,ORD,MEM,MKE,MSP,PHL,PHX,PIT,RDU,RSW,STL,TPA,YYZ
CMI,4,BMI,DTW,ORD,STL
CMX,2,MQT,MSP
CNM,2,ABQ,ROW
CNY,2,DEN,PGA
COD,5,DEN,LAR,RKS,SLC,WRL
COS,16,ABQ,ATL,CVG,DEN,DFW,IAH,LAS,LAX,MCI,MSP,OKC,ORD,PHX,SLC,STL,TUL
COU,1,STL
CPR,4,BIL,DEN,GCC,SLC
CRP,3,ATL,DFW,IAH
CRW,11,ATL,BWI,CLE,CLT,CVG,IAD,DTW,IAH,ORD,PHL,PIT
CSG,2,ATL,CLT
CVG,120,ABE,ABQ,ACY,ALB,ATL,ATW,AUS,AVL,AVP,AZO,BDL,BGR,BHM,BNA,BOS,BTV,BUF,BWI,CAE,CAK,CDG,CHA,CHO,CHS,CID,CKB,CLE,CLT,CMH,COS,CRW,CUN,DAB,DAY,IAD,DEN,DFW,DSM,DTW,EGE,EVV,EWR,FCO,FLL,FNT,FPO,FRA,FWA,GCM,GRB,GRR,GSO,GSP,IAH,HPN,HSV,ICT,IND,ISP,JAN,JAX,LAN,LAS,LAX,LEX,LHR,LIT,MCI,MCO,MDT,ORD,MEM,MHT,MIA,MKE,MLB,MSN,MSP,MSY,MYR,NAS,OKC,OMA,ORF,PBI,PDX,PFN,PHL,PHX,PIT,PVD,PWM,RDU,ZRF,RIC,ROA,ROC,RSW,SAN,SAT,SAV,SBN,SDF,SEA,SFO,SLC,SRQ,STL,SWF,SYR,TLH,TOL,TPA,TRI,TUL,TUS,TYS,VPS,YUL,YYZ
CVN,2,ABQ,HOB
CWA,6,DTW,GRB,MKE,MQT,MSP,ORD
CYS,1,DEN
DAB,9,ATL,CVG,EWR,FPO,MCO,MHH,MLB,TCB,TPA
DAY,20,ATL,CLE,CLT,CMH,CVG,IAD,DFW,DTW,EWR,IAH,IND,MCO,ORD,MKE,MSP,PHL,PIT,SDF,STL,YYZ
DBQ,3,LSE,MSP,ORD
DDC,3,GCK,LBL,MCI
DEC,1,STL
DEN,126,ABQ,AIA,ALS,AMA,ANC,ASE,ATL,AUS,BDL,BFF,BIL,BIS,BNA,BOI,BOS,BWI,BZN,CDR,CEZ,CID,CLE,CLT,CMH,CNY,COD,COS,CPR,CUN,CVG,CYS,LAX,IAD,DFW,DIK,DRO,DSM,DTW,EAR,EGE,ELP,EUG,EWR,FAR,FAT,FLL,FMN,FRA,FSD,GCC,GCK,GEG,GJT,GUC,HDN,HNL,HYS,IAH,ICT,IDA,IFP,IND,JAC,KOA,LAR,LAS,LBF,LBL,LHR,LNK,MCI,MCK,MCO,ORD,MEM,MEX,MIA,MKE,MLI,MSN,MSO,MSP,MSY,MTJ,MZT,SFO,OKC,OMA,PDX,PHL,PHX,PIA,PIR,PIT,PSC,PSP,PUB,PVR,RAP,RIW,RKS,RNO,RSW,SAF,SAN,SAT,SBA,SEA,SGF,SHR,SJD,SLC,SMF,STL,TEX,TPA,TUL,TUS,VEL,WDG,WRL,YEG,YVR,YWG,YYC,YYZ,ZCL
DFW,154,ABI,ABQ,ACA,ACT,AEX,AGU,AMA,ANC,ATL,AUS,BDL,BHM,BJX,BNA,BOI,BOS,BPT,BTR,BUF,BWD,BWI,BZE,CAE,CCS,CDG,CGH,CHS,CID,CLE,CLL,CLT,CMH,COS,CRP,CUN,CVG,DAY,DEN,LAX,ELP,IAH,LBB,LIT,MAF,MSY,OKC,SAT,TUL,IAD,DRO,DSM,DTW,EGE,ELD,EWR,FAT,FLL,FPO,FRA,FSM,FWA,GDL,GGG,GRR,GSO,GSP,GUA,GUC,HDN,HNL,HOT,HRL,HSV,ICN,ICT,IFP,ILE,IND,JAC,JAN,JAX,KIX,LAS,LAW,LFT,LHR,LIM,LRD,MCI,MCO,ORD,MEM,MEX,MFE,MGM,MIA,MKE,MLU,MOB,MSN,MSP,MTJ,MTY,NAS,NRT,SFO,OGG,OMA,ORF,PBI,PDX,PHL,PHX,PIT,PNC,PNS,PSP,PVR,RDU,RIC,RNO,RSW,RTB,SAL,SAN,SAV,SCL,SDF,SEA,SGF,SHV,SJD,SJO,SJT,SJU,SLC,SLW,SMF,SPS,STL,TLH,TPA,TUS,TXK,TYR,TYS,VPS,WDG,XNA,YUL,YVR,YYC,YYZ,ZRH
DHN,1,ATL
DIK,2,DEN,ISN
DLH,5,HIB,IFP,INL,MSP,ORD
DRO,6,ABQ,DEN,DFW,FMN,IAH,PHX
DSM,18,ATL,CVG,DEN,DFW,IAD,DTW,EWR,IAH,IFP,MCI,ORD,MEM,MKE,MSN,MSP,PHX,SLC,STL
DTW,133,ABE,ACY,ALB,AMS,ANC,APN,ATL,ATW,AZO,BDL,BGM,BHM,BMI,BNA,BOS,BTV,BUF,BWI,BZN,CAK,CDG,CHS,CID,CLE,CLT,CMH,CMI,CRW,CUN,CVG,CWA,CZM,DAY,DEN,DFW,DSM,IAD,EGE,ELM,ERI,EVV,EWR,FCO,FLL,FNT,FRA,FWA,GCM,GRB,GRR,GSO,GSP,HNL,HPN,IAH,IND,JAX,KIX,LAF,LAN,LAS,LAX,LEX,LHR,LIR,LIT,MBJ,MBS,MCI,MCO,MDT,ORD,MEM,MEX,MHT,MIA,MKE,MKG,MLI,MQT,MSN,MSP,MSY,MYR,NAS,NGO,NRT,SFO,OMA,ORF,PBI,PDX,PEK,PHL,PHX,PIA,PIT,PLN,PNS,PUJ,PVD,PVR,PWM,RDU,RIC,RNO,ROA,ROC,RSW,SAN,SAT,SAV,SBN,SCE,SDF,SEA,SGF,SJU,SNN,SRQ,STL,SYR,TOL,TPA,TVC,TYS,YNG,YOW,YUL,YVR,YXU,YYC,YYZ
DUJ,3,FKL,JHW,PIT
DVL,1,JMS
EAR,2,DEN,GRI
EAT,1,SEA
EAU,2,MSP,RHI
EGE,12,ATL,CVG,DEN,DFW,DTW,EWR,IAH,LAX,MIA,MSP,ORD,SFO
EKO,2,RNO,SLC
ELD,2,DFW,JBR
ELM,7,BGM,BOS,DTW,ITH,PHL,PIT,SYR
ELP,18,ABQ,ATL,AUS,CUU,DEN,DFW,IAH,IFP,LAS,LAX,LBB,MAF,MEX,ORD,PHX,SAN,SAT,SLC
ELY,1,LAS
ERI,2,DTW,PIT
ESC,6,GRB,IMT,LAN,MKE,MQT,PLN
ESD,5,BLI,FRD,LPS,OTS,SEA
EUG,7,DEN,IFP,LAX,PDX,PHX,SEA,SFO
EVV,7,ATL,CVG,DTW,MEM,ORD,PIT,STL
EWB,2,ACK,MVY
EWN,1,CLT
EWR,198,ACA,ACC,ACK,AGP,ALB,AMM,AMS,ANC,ANU,ARN,ATH,ATL,AUA,AUS,AVL,BCN,BDA,BDL,BED,BGI,BGR,BHM,BHX,BJL,BNA,BOG,BOS,BQN,BRU,BTV,BUD,BUF,BWI,BZE,CAE,CAI,CCS,CDG,CGH,CHO,CHS,CLE,CLT,CMH,CMN,CPH,CUN,CVG,CZM,DAB,DAY,DEN,DFW,DKR,DSM,DTW,DUB,DUS,DXB,EGE,IAD,FCO,FLL,FPO,FRA,GCM,GLA,GRR,GSO,GSP,GUA,HDN,HKG,HNL,HPN,IAH,IND,JAX,KIN,KRK,LAS,LAX,LEX,LHR,LIM,LIS,MAD,MAN,MBJ,MCI,MCO,ORD,MEM,MEX,MHT,MIA,MKE,MSP,MSY,MTJ,MVY,MXP,MYR,NAS,NRT,SFO,OKC,OMA,ORF,PBI,PDX,PHL,PHX,PIT,POP,PTY,PVD,PVR,PWM,RDU,RIC,ROC,RSW,SAL,SAN,SAP,SAT,SAV,SDF,SDQ,SEA,SFB,SJD,SJO,SJU,SLC,SNN,SRQ,STI,STL,STT,SXM,SYR,TLV,TPA,TYS,WAW,YHZ,YOW,YQB,YUL,YVR,YYZ,ZRH,EZE,GEO,SDU,GND,GVA,GYE,HEL,HYA,ICN,IST,ITH,JED,JNB,KBP,KEF,KWI,LOS,LRM,LUX,MDE,MTY,MUC,NCE,OTP,PAP,PEK,PLS,POS,PRG,PUJ,SCL,SID,SVO,TPE,TSR,VCE,VIE,LEB,MDT,PHF,ROA,TVC,UCA,XNA
EYW,8,APF,ATL,FLL,MCO,MIA,MTH,RSW,TPA
FAR,4,DEN,IFP,MSP,ORD
FAT,10,DEN,DFW,LAS,LAX,PDX,PHX,SEA,SFO,SLC,VIS
FAY,2,ATL,CLT
FCA,8,BIL,GEG,GTF,HLN,MSO,MSP,SEA,SLC
FHU,1,PHX
FKL,2,DUJ,PIT
FLG,1,PHX
FLL,62,ACY,APF,ATL,BDL,BNA,BOG,BOS,BWI,CLE,CLT,CVG,DEN,DFW,DTW,ELH,EWR,EYW,IAD,FPO,FRA,GGT,GHB,GPT,IAH,IGA,IND,ISP,JAX,KIN,LAS,LAX,MBJ,MCI,MCO,ORD,MEM,MHH,MHT,MIA,MKE,MSP,MSY,MTH,MYR,NAS,PHL,PHX,PIT,PVD,RDU,SJU,SRQ,STL,TBI,TCB,TLH,TPA,YUL,YOW,YQB,YYZ,ZSA
FLO,2,ATL,CLT
FMN,5,ABQ,DEN,DRO,PHX,TEX
FNT,9,ATL,CVG,DTW,GRR,MCO,ORD,MKE,MKG,MSP
FOD,1,MCW
FOE,1,MCI
FRD,5,ESD,SEA,LPS,RNT,TWD
FSD,4,DEN,MSP,ORD,STL
FSM,3,DFW,MEM,STL
FWA,9,ATL,CLE,CVG,DFW,DTW,IND,ORD,PIT,STL
GBD,2,HYS,MCI
GCC,4,BIL,CPR,DEN,SHR
GCK,4,DDC,DEN,LBL,MCI
GCN,1,LAS
GDV,2,MLS,SDY
GEG,16,BOI,DEN,FCA,GTF,IAD,IFP,MSP,MWH,SFO,OLM,ORD,PDX,PHX,SEA,SLC,YYC
GFK,3,IFP,MSP,TVF
GGG,1,DFW
GGW,2,BIL,OLF
GJT,3,DEN,PHX,SLC
GLH,2,MEM,MLU
GNV,2,ATL,CLT
GON,1,PHL
GPT,5,ATL,FLL,IAH,MEM,TPA
GPZ,2,MSP,STC
GRB,8,ATW,CVG,CWA,DTW,ESC,MKE,MSP,ORD
GRI,2,EAR,MCK
GRR,16,ATL,CLE,CMH,CVG,DFW,DTW,EWR,FNT,IAD,ORD,MEM,MKE,MSP,PIT,STL,YYZ
GSO,17,ATL,BOS,BWI,CLT,CVG,DFW,DTW,EWR,IAD,IAH,MCO,MYR,ORD,PHL,PIT,RDU,YYZ
GSP,16,ATL,AVL,CAE,CLE,CLT,CVG,DFW,DTW,EWR,IAD,IAH,MEM,ORD,PHL,PIT,RDU
GTF,11,BIL,FCA,GEG,HLN,IFP,MSO,MSP,LAX,PDX,SEA,SLC
GTR,4,AEX,ATL,MEM,TUP
GUC,4,BNA,DEN,DFW,IAH
GUP,1,ABQ
GYY,2,TPA,SFB
HDN,6,DEN,DFW,EWR,IAH,MSP,ORD
HGR,3,BWI,CBE,PIT
HHH,2,CLT,JAX
HIB,5,BRD,DLH,INL,LYU,MSP
HII,2,PHX,MPA
HKY,1,CLT
HLN,7,BIL,FCA,GTF,MCI,MSO,SEA,SLC
HOB,2,BWD,CVN
HON,1,BKX
HOT,2,DFW,HRO
HPN,21,ACY,ALB,ATL,BED,BOS,BUF,BWI,CLE,CVG,DTW,EWR,IAD,MSP,MVY,ORD,PHL,PIT,RDU,ROC,SYR,YYZ
HRL,6,AUS,DFW,IAH,IFP,MSP,SAT
HRO,1,HOT
HSV,11,ATL,BHM,CLT,CVG,DFW,IAD,IAH,MCO,MEM,MLU,ORD
HTS,3,ATL,CLT,PIT
HVN,1,PHL
HVR,1,LWT
HYA,5,ACK,BOS,EWR,MVY,PVD
HYS,3,DEN,GBD,MCI
IAD,114,ABE,ACK,ALB,AMS,ANU,ATL,AUA,AUS,BDA,BDL,BGI,BGM,BHM,BKW,BLF,BNA,BOS,BRU,BTR,BTV,BUF,BWI,CAE,CDG,CGH,CHO,CHS,CLE,CLT,CMH,CPH,CRW,CVG,DAY,DEN,DFW,DSM,DTW,DUS,EWR,EZE,FLL,FRA,GEG,GRR,GSO,GSP,HPN,HSV,IAH,IND,JAX,LAS,MCI,MCO,ORD,MEM,MHT,MIA,MKE,MSP,MSY,MVY,NAS,OMA,ORF,PBI,PHF,PHL,PHX,PIT,PVD,PWM,RDU,ROC,SBY,SDF,SEA,STL,SYR,TPA,TYS,YUL,YYZ,ICN,JED,LAX,LHR,MAN,MDT,MEX,MUC,MXP,NRT,SFO,PDX,POS,RIC,ROA,RSW,SAL,SAN,SAV,SCE,SJU,SLC,STT,SVO,SWF,TAB,VIE,YOW,YVR,ZRH
IAH,150,ABQ,ACA,AEX,AGU,AMA,AMS,ANC,ATL,AUS,BHM,BJX,BNA,BOG,BOS,BPT,BRO,BTR,BWI,BZE,CAE,CCS,CDG,CGH,CHS,CLE,CLL,CLT,CMH,COS,CRP,CRW,CUN,CUU,CVG,CZM,DAY,DEN,DFW,DRO,DSM,DTW,EGE,ELP,EWR,FLL,FRA,GCM,GDL,GPT,GSO,GSP,GUA,GUC,GYE,HDN,HNL,HRL,HSV,IAD,JAN,LAS,LAX,LIT,MAF,MCI,MCO,ORD,MSY,SFO,OKC,PHX,SAN,SAT,STL,TPA,TUL,ICT,IFP,ILE,IND,JAC,JAX,LBB,LCH,LEX,LFT,LHR,LIM,LRD,MBJ,MEM,MEX,MFE,MGA,MIA,MID,MKE,MLU,MOB,MSP,MTJ,MTY,MZT,NAS,NRT,OMA,ORF,PBC,PBI,PDX,PHL,PIT,PNS,PSP,PTY,PVR,RDU,RIC,RNO,RSW,RTB,SAL,SAP,SAV,SDF,SEA,SHV,SJD,SJO,SJU,SLC,SLP,SLW,SMF,TAM,TGU,TRC,TUS,TYS,UIO,VCT,VER,VSA,XNA,YUL,YVR,YYC,YYZ,ZCL,ZIH
ICT,11,ATL,CVG,DEN,DFW,IAH,MCI,ORD,MEM,MSP,PHX,STL
IDA,4,BOI,DEN,PIH,SLC
IFP,47,ABI,ABQ,AMA,BIL,BIS,BLI,BOI,BRD,BTM,CID,DEN,DFW,DLH,DSM,ELP,EUG,FAR,GEG,GFK,GTF,HRL,IAH,LAS,LBB,LSE,MAF,MKE,MOT,MSN,MSP,OMA,PDX,PHX,PIH,PSC,RST,SAN,SAT,SCK,SEA,SFO,SGF,SJT,SLC,SMF,SPS,YKM
IGM,1,PRC
ILE,2,DFW,IAH
ILM,2,ATL,CLT
IMT,3,ESC,IWD,ORD
IND,38,ATL,BNA,BOS,BWI,CLE,CLT,CMH,CUN,CVG,DAY,DEN,DFW,DTW,EWR,FLL,FWA,IAD,IAH,JAX,LAS,LAX,MCI,MCO,ORD,MEM,MKE,MSP,MSY,PHL,PHX,TPA,PIT,RSW,SDF,SRQ,STL,TOL,YYZ
INL,5,BJI,BRD,DLH,HIB,MSP
IPL,1,LAX
IPT,3,MDT,PHL,PIT
IRK,1,STL
ISN,3,BIS,DIK,SDY
ISP,15,ALB,ATL,BNA,BOS,BWI,CLE,CVG,FLL,JAX,MCO,ORD,PBI,PHL,PVD,TPA
ITH,7,BGM,BOS,ELM,EWR,PHL,PIT,SYR
IWD,2,IMT,MSP
IYK,1,LAX
JAC,7,ATL,DEN,DFW,IAH,MSP,ORD,SLC
JAN,10,ATL,BWI,CLT,CVG,DFW,IAH,MCO,ORD,MEM,MLU
JAX,28,ATL,BHM,BNA,BWI,CLE,CLT,CVG,DFW,DTW,EWR,FLL,HHH,IAD,IAH,IND,ISP,MCO,MEM,MIA,MSP,MSY,ORD,ORF,PHL,RDU,STL,TLH,TPA
JBR,1,ELD
JHW,2,DUJ,PIT
JLN,2,MEM,STL
JMS,2,DVL,MSP
JST,2,AOO,PIT
LAF,2,DTW,STL
LAN,7,CVG,DTW,ESC,MKE,MSP,ORD,PIT
LAR,2,COD,DEN
LAS,79,ABQ,ALB,AMA,ATL,AUS,BDL,BHM,BNA,BOI,BOS,BUF,BWI,CLE,CLT,CMH,COS,CVG,DEN,DFW,DTW,ELP,ELY,EWR,FAT,FLL,FRA,GCN,GDL,HKG,HMO,IAD,IAH,IFP,IND,LAX,LBB,LHR,LIT,MAF,MCE,MCI,MCO,ORD,MEM,MEX,MIA,MKE,MSP,MSY,MTY,NRT,SFO,OKC,OMA,ORF,PDX,PHL,PHX,PIT,PSC,PSP,RDU,RNO,SAN,SAT,SBA,SDF,SEA,SLC,SMF,STL,TIJ,TPA,TUL,TUS,YUL,YVR,YYC,YYZ
LAW,1,DFW
LAX,133,ABQ,ACA,AGU,AKL,AMS,ANC,APW,ASE,ATL,AUS,BFL,BIL,BJX,BNA,BOI,BOS,BRU,BWI,BZN,CAN,CDG,CGH,CLD,CLE,CLT,CMH,COS,CUL,CUN,CVG,DEN,DFW,DGO,DTW,DUB,DUS,EGE,ELP,EUG,EWR,FAT,FLL,FRA,GDL,GTF,GUA,HKG,HMO,HNL,HRB,IAD,IAH,ICN,IND,IPL,IYK,KIX,KOA,LAP,LAS,SFO,PDX,PHX,SEA,SMF,LHR,LIH,LIM,LTO,MBJ,MCI,MCO,ORD,MEL,MEM,MEX,MFR,MIA,MKE,MLM,MNL,MRY,MSP,MSY,MTY,MXP,MZT,NAN,NGO,NRT,OGG,OXR,PEK,PHL,PIT,PPT,PSP,PTY,SHA,PVR,RAR,RNO,SAL,SAN,SAT,SBA,SBP,SGU,SJD,SJO,SLC,SMX,STL,SUN,SVO,SYD,TIJ,TPA,TPE,TRC,TUL,TUS,VIS,YEG,YUL,YUM,YVR,YYC,YYZ,ZCL,ZIH,ZLO,ZRH
LBB,7,ABQ,AUS,DFW,ELP,IAH,IFP,LAS
LBE,1,PIT
LBF,3,DEN,MCK,OFK
LBL,3,DDC,DEN,GCK
LCH,1,IAH
LEB,4,ALB,EWR,PHL,RUT
LEX,13,ATL,CLE,CLT,CVG,DTW,EWR,IAH,ORD,MEM,PHL,PIT,SDF,STL
LFT,4,DFW,IAH,MEI,MEM
LIT,16,ATL,BNA,BWI,CLT,CVG,DFW,DTW,IAH,LAS,MCI,ORD,MEM,MSY,PHX,PIT,STL
LMT,1,PDX
LNK,5,DEN,MCI,MSP,ORD,STL
LNS,2,AOO,PIT
LPS,4,ESD,FRD,SEA,OTS
LRD,3,DFW,IAH,MEX
LSE,6,DBQ,IFP,MKE,MSN,MSP,ORD
LWB,3,ATL,CLT,PIT
LWS,3,BOI,PUW,SEA
LWT,2,BIL,HVR
LYH,4,ATL,CLT,PHL,PIT
LYU,1,HIB
MAF,7,ABQ,AUS,DFW,ELP,IAH,IFP,LAS
MBL,1,OSH
MBS,4,DTW,MSP,ORD,PIT
MCE,1,LAS
MCI,62,ABQ,ATL,AUS,BNA,BOS,BWI,CID,CLE,CLT,COS,CVG,DDC,DEN,DFW,DSM,DTW,EWR,FLL,FOE,GBD,GCK,HLN,HYS,IAD,IAH,ICT,IND,LAS,LAX,LIT,LNK,MCO,ORD,MEM,MHK,MHT,MKE,MSP,MSY,MYR,SFO,OKC,OMA,PDX,PHL,PHX,PIT,PVD,RDU,RSW,SAN,SAT,SEA,SGF,SLC,SLN,SMF,STL,TPA,TUL,XNA,YYZ
MCK,3,DEN,GRI,LBF
MCN,2,ATL,VLD
MCO,86,ABQ,ACY,ALB,AMS,ATL,AUS,BDL,BHM,BMI,BNA,BOS,BUF,BWI,CAK,CLE,CLT,CMH,CUN,CVG,DAB,DAY,DEN,DFW,DTW,DUS,EWR,EYW,FLL,FNT,FPO,GCM,GSO,HSV,IAD,IAH,IND,ISP,JAN,JAX,KEF,KIN,LAS,LAX,LHR,MAN,MBJ,MCI,ORD,MEM,MEX,MHT,MIA,MKE,MLB,MSP,MSY,MTH,NAS,OMA,ORF,PBI,PFN,PHF,PHL,PHX,TPA,PIT,PNS,PTY,PVD,RDU,ROC,RSW,SAT,SDF,SFO,SJO,SJU,SLC,STL,TLH,VPS,YHZ,YUL,YOW,YYZ
MCW,2,FOD,MSP
MDT,17,ABE,ALB,ATL,BOS,BUF,CLE,CLT,CVG,DTW,EWR,IAD,IPT,ORD,PHL,PIT,SCE,YYZ
MEI,4,ATL,LFT,MEM,PIB
MEM,89,AEX,AMS,ASE,ATL,AUS,BHM,BNA,BOS,BTR,CHA,CLE,CLT,CMH,CUN,CVG,DEN,DFW,DSM,DTW,EVV,EWR,FLL,FPO,FSM,GCM,GLH,GPT,GRR,GSP,GTR,HSV,IAD,IAH,ICT,IND,JAN,JAX,JLN,LAS,LAX,LEX,LFT,LIT,MBJ,MCI,MCO,MEI,MGM,MIA,MKE,MLI,MLU,MOB,MSL,MSN,MSP,MSY,OKC,OMA,ORD,PAH,PBI,PFN,PHL,PHX,PIB,PIT,PNS,RDU,RSW,SAN,SAT,SDF,SEA,SFO,SGF,SHV,SJU,SPI,STL,TLH,TPA,TRI,TUL,TUP,TYS,VPS,XNA,YVR
MFE,2,DFW,IAH
MFR,5,LAX,PDX,PHX,SEA,SFO
MGM,4,ATL,CLT,DFW,MEM
MGW,2,CKB,PIT
MHK,2,MCI,SLN
MHT,18,ALB,ATL,BNA,BWI,CLE,CLT,CVG,DTW,EWR,FLL,IAD,MCI,MCO,ORD,PHL,PIT,TPA,YYZ
MIA,115,AMS,ANU,APF,ATL,AUA,BAQ,BDL,BEL,BGI,BLA,BNA,BOG,BON,BOS,BWI,BZE,CBB,CCS,CDG,CGH,CLE,CLO,CLT,COR,CTG,CUN,CUR,CVG,DEN,DFW,DTW,DUS,EGE,ELH,EWR,EYW,EZE,FLL,FOR,FPO,FRA,GCM,GGT,GHB,GUA,GYE,IAD,IAH,IQT,JAX,KIN,LAS,LAX,LHR,LIM,LPB,LRM,MAD,MAO,MAR,MBJ,MCO,MDE,MEM,MEX,MGA,MHH,SDU,ORD,MID,MSP,MSY,MXP,NAS,NAT,PAP,PHL,PHX,PIT,PLS,POP,POS,PTY,PUJ,RDU,REC,RSW,RTB,SAL,SAP,SCL,SDQ,SEA,SFB,SFO,SJO,SJU,SRQ,SSA,STI,STL,STT,STX,SXM,TCB,TGU,TLH,TPA,UIO,VLN,VVI,YUL,YVR,YYZ,ZRH
MKE,51,ATL,ATW,BDL,BNA,BOS,BWI,CLE,CLT,CMH,CVG,CWA,DAY,DEN,DFW,DSM,DTW,ESC,EWR,FLL,FNT,GRB,GRR,IAD,IAH,IFP,IND,LAN,LAS,LAX,LSE,MCI,MCO,MEM,ORD,MKG,MLI,MQT,MSN,MSP,OMA,PHL,PHX,PIT,RDU,RHI,RSW,SDF,SFO,STL,TPA,YYZ
MKG,5,DTW,FNT,MKE,ORD,TVC
MKL,1,STL
MLB,8,ATL,CVG,DAB,FPO,MCO,MHH,TCB,TPA
MLI,9,ATL,DEN,DTW,MEM,MKE,ORD,MSP,PIA,STL
MLS,3,BIL,GDV,SDY
MLU,7,ATL,DFW,GLH,HSV,IAH,JAN,MEM
MOB,5,ATL,CLT,DFW,IAH,MEM
MOD,1,SFO
MOT,2,IFP,MSP
MQT,7,ATW,CMX,CWA,DTW,ESC,MKE,ORD
MRY,3,LAX,PHX,SFO
MSL,1,MEM
MSN,15,ATW,CLE,CVG,DEN,DFW,DSM,DTW,IFP,LSE,MEM,MKE,ORD,MSP,PIT,STL
MSO,9,BIL,BOI,DEN,FCA,GTF,HLN,MSP,SEA,SLC
MSP,147,ABQ,ABR,ACA,ALB,ALO,AMS,ANC,ASE,ATL,ATW,ATY,AUS,AZO,BDL,BIL,BIS,BJI,BKX,BMI,BNA,BOI,BOS,BRD,BUF,BWI,BZN,CID,CLE,CLT,CMH,CMX,COS,CUN,CVG,CWA,CZM,DAY,DBQ,DEN,DFW,DLH,DSM,DTW,EAU,EGE,EWR,FAI,FAR,FCA,FLL,FNT,FSD,GCM,GEG,GFK,GPZ,GRB,GRR,GTF,HDN,HIB,HNL,HPN,HRL,IAD,IAH,ICT,IFP,IND,INL,IWD,JAC,JAX,JMS,KEF,LAN,LAS,LAX,LHR,LIR,LNK,LSE,MBS,MCI,MCO,MCW,MEM,MIA,MKE,MLI,MOT,MSN,MSO,ORD,MSY,NRT,OKC,OMA,PDX,PHL,PHX,PIA,PIR,PIT,PNS,POP,PSP,PUJ,PVD,PVR,PWM,RAP,RDU,RHI,RIC,RNO,RST,RSW,SAN,SAT,SBN,SDF,SEA,SFO,SGF,SJD,SJU,SLC,SMF,STC,STL,SUX,TPA,TUL,TUS,TVC,TYS,YEG,YQR,YQT,YUL,YVR,YWG,YXE,YYC,YYZ,ZIH
MSS,2,ART,OGS
MSY,36,ATL,BHM,BNA,BWI,CLE,CLT,CVG,DEN,DFW,DTW,EWR,FLL,IAD,IAH,IND,JAX,LAS,LAX,LIT,MCI,MCO,MEM,MIA,MSP,SFO,ORD,PHL,PHX,PIT,PNS,SAN,SAP,SHV,STL,TPA,YYZ
MTH,4,APF,EYW,FLL,MCO
MTJ,7,DEN,DFW,EWR,IAH,ORD,PHX,SGU
MVY,13,ACK,ACY,BED,BOS,BWI,EWB,EWR,HPN,HYA,IAD,PHL,PSM,PVD
MWA,1,STL
MWH,2,GEG,SEA
MYR,12,ACY,ATL,BOS,CLE,CLT,CVG,DTW,EWR,FLL,GSO,MCI,ORD
OAJ,2,CLT,RDU
ODW,1,SEA
OFK,1,LBF
OGS,2,ART,MSS
OKC,21,ABQ,ATL,BNA,BWI,COS,CVG,DEN,DFW,EWR,FPO,IAH,LAS,MCI,MEM,MSP,ORD,PHX,SLC,SMF,STL,TUL
OLF,2,BIL,GGW
OLM,1,GEG
OMA,20,ATL,CVG,DEN,DFW,DTW,EWR,IAD,IAH,IFP,LAS,MCI,MCO,MEM,MKE,MSP,ORD,PHX,PIT,SLC,STL
ORD,184,ABE,ABQ,ACA,ALB,ALO,AMS,ANC,ARN,ATL,ATW,AUA,AUS,AVP,AZO,BDL,BHM,BHX,BJX,BMI,BNA,BOI,BOS,BRU,BTR,BTV,BUF,BWI,CAE,CAK,CDG,CGH,CHA,CHS,CID,CLE,CLT,CMH,CMI,COS,CPH,CRW,CUN,CVG,CWA,DAY,DBQ,DEN,DFW,DGO,DLH,DSM,DTW,DUB,DUS,EGE,ELP,EVV,EWR,EZE,FAR,FCO,FLL,FNT,FRA,FSD,FWA,GCM,GDL,GEG,GLA,GRB,GRR,GSO,GSP,GUA,HDN,HKG,HNL,HPN,HSV,IAD,IAH,ICN,ICT,IMT,IND,ISP,IST,JAC,JAN,JAX,KRK,LAN,LAS,LAX,LEX,LHR,LIT,LNK,LSE,MAD,MAN,MBJ,MBS,MCI,MCO,MDT,MEM,MEX,MHT,MIA,MKE,MKG,MLI,MLM,MQT,MSN,MSP,MSY,MTJ,MTY,MUC,MXP,MYR,NRT,OKC,OMA,SFO,PHL,PHX,TPA,PIT,PVD,PVR,RDU,RSW,SAN,SBN,SDF,SEA,SJU,SPI,SRQ,STL,TEB,TOL,ZCL,ORF,ORH,OSH,PBI,PDX,PEK,PIA,PSP,PWM,RIC,RNO,ROA,ROC,RST,SAT,SAV,SGF,SJD,SLC,SMF,SNN,STT,SWF,SYR,TUL,TUS,TVC,TYS,WAW,XNA,YOW,YUL,YVR,YWG,YYC,YYZ,ZRH
ORF,21,ATL,BOS,BWI,CLE,CLT,CVG,DFW,DTW,EWR,IAD,IAH,JAX,LAS,MCO,ORD,PHF,PHL,PIT,RDU,RIC,STL
ORH,6,ABE,ATL,ORD,PHL,PSM,SFB
OSH,2,MBL,ORD
OTH,1,PDX
OTS,2,ESD,LPS
OWB,1,STL
OXR,1,LAX
PAH,2,MEM,STL
PBI,27,ACY,ATL,BDL,BNA,BOS,BWI,CLE,CLT,CVG,DFW,DTW,EWR,FPO,IAD,IAH,ISP,MCO,MEM,MHH,NAS,ORD,PHL,PIT,TCB,TLH,TPA,YYZ
PDT,2,PDX,PSC
PDX,43,ABQ,ACV,ANC,ATL,BIL,BOI,CVG,DEN,DFW,DTW,EUG,EWR,FAT,GEG,GTF,HNL,IAD,IAH,IFP,LAS,LAX,LMT,MCI,MFR,MSP,NRT,ORD,OTH,PDT,SFO,PHX,PSC,PSP,RDD,RDM,RNO,SAN,SEA,SLC,SMF,STL,TUS,YVR
PFN,6,ATL,CVG,MCO,MEM,TPA,VPS
PGA,2,CNY,PHX
PGV,1,CLT
PHF,7,ATL,CLT,EWR,IAD,MCO,ORF,PHL
PHL,113,ABE,ACK,ACY,ALB,AMS,ANU,ATL,AUA,AVP,BDA,BDL,BED,BGI,BGM,BGR,BHM,BNA,BOS,BRU,BTV,BUF,BWI,CAE,CDG,CHO,CHS,CLE,CLT,CMH,CRW,CUN,CVG,DAY,DEN,DFW,DTW,ELM,EWR,FCO,FLL,FRA,GCM,GND,GON,GSO,GSP,HPN,HVN,IAD,IAH,IND,IPT,ISP,ITH,JAX,LAS,LAX,LEB,LEX,LHR,LYH,MAD,MAN,MBJ,MCI,MCO,MDT,MEM,MHT,MIA,MKE,MSP,MSY,MUC,MVY,NAS,ORD,ORF,ORH,PBI,PHF,PHX,PIT,PVD,PWM,RDG,RDU,RIC,ROA,ROC,RSW,SAN,SBY,SCE,SDF,SDQ,SEA,SFO,SJU,SKB,SLC,STL,STT,STX,SWF,SXM,SYR,TPA,TYS,SLU,YOW,YUL,YYZ
PHX,100,ABQ,ACA,ASE,ATL,AUS,BDL,BFL,BHM,BIL,BNA,BOI,BOS,BUF,BWI,CLD,CLE,CLT,CMH,COS,CVG,DEN,DFW,DRO,DSM,DTW,ELP,EUG,EWR,FAT,FHU,FLG,FLL,FMN,FRA,GDL,GEG,GJT,GYM,HII,HMO,HNL,IAD,IAH,ICT,IFP,IND,LAP,LAS,LAX,LHR,LIT,MCI,MCO,MEM,MEX,MFR,MIA,MKE,MRY,MSP,MSY,MTJ,MZT,OGG,OKC,OMA,ORD,PDX,PGA,PHL,SFO,PIT,PRC,PSP,PVD,PVR,RDU,RNO,SAN,SAT,SBA,SBP,SCK,SDF,SEA,SJD,SLC,SMF,STL,TEX,TIJ,TPA,TUL,TUS,YUM,YVR,YYC,YYZ,ZIH,ZLO
PIA,8,ATL,BMI,DEN,DTW,MLI,MSP,ORD,STL
PIB,2,MEI,MEM
PIH,5,BOI,IDA,IFP,SEA,SLC
PIR,4,ABR,ATY,DEN,MSP
PIT,115,ABE,ALB,AOO,ART,ATL,AVP,AZO,BDL,BFD,BGM,BHM,BKW,BLF,BNA,BOS,BTV,BUF,BWI,CAE,CAK,CDG,CHO,CHS,CID,CKB,CLE,CLT,CMH,CRW,CUN,CVG,DAY,DEN,DFW,DTW,DUJ,ELM,ERI,EVV,EWR,FKL,FLL,FPO,FRA,FWA,GRR,GSO,GSP,HGR,HPN,HTS,IAD,IAH,IND,IPT,ITH,JHW,JST,LAN,LAS,LAX,LBE,LEX,LHR,LIT,LNS,LWB,LYH,MBS,MCI,MCO,MDT,MEM,MGW,MHT,MIA,MKE,MSN,MSP,MSY,NAS,OMA,ORD,ORF,PBI,PHL,PHX,PKB,PVD,PWM,RDG,RDU,RIC,ROA,ROC,RSW,SAN,SBN,SBY,SCE,SDF,SEA,SFO,SHD,SJU,STL,SYR,TOL,TPA,TRI,TTN,TYS,YOW,YUL,YYZ
PKB,1,PIT
PLB,2,BTV,SLK
PLN,2,DTW,ESC
PNC,2,DFW,WDG
PNS,11,ATL,CLT,DFW,DTW,IAH,MCO,MEM,MSP,MSY,TLH,TPA
PQI,1,BOS
PRC,2,IGM,PHX
PSC,7,DEN,IFP,LAS,PDT,PDX,SEA,SLC
PSM,10,ACY,BED,BGR,BWI,MVY,ORH,TPA,SDQ,SFB,YSJ
PSP,15,ATL,DEN,DFW,IAH,LAS,LAX,MSP,ORD,PDX,PHX,SEA,SFO,SLC,SMF,YVR
PUB,1,DEN
PUW,2,LWS,SEA
PVC,1,BOS
PVD,24,ACK,ALB,ATL,BNA,BWI,CLE,CLT,CVG,DTW,EWR,FLL,HYA,IAD,ISP,MCI,MCO,MSP,MVY,ORD,PHL,PHX,PIT,TPA,YYZ
PWM,13,ALB,ATL,BGR,BOS,CLE,CVG,DTW,EWR,IAD,MSP,ORD,PHL,PIT
RAP,3,DEN,MSP,SLC
RCE,1,SEA
RDD,4,ACV,PDX,SFO,SMF
RDG,2,PHL,PIT
RDM,3,PDX,SEA,SFO
RDU,42,ATL,AUS,AVL,BDL,BNA,BOS,BWI,CHS,CLE,CLT,CMH,CVG,DFW,DTW,EWR,FLL,FPO,GSO,GSP,HPN,IAD,IAH,JAX,LAS,LHR,MCI,MCO,MEM,MIA,MKE,MSP,OAJ,ORD,ORF,PHL,PHX,PIT,SAT,SJU,STL,TPA,YYZ
RHI,3,EAU,MKE,MSP
RIC,19,ATL,BOS,BWI,CLE,CLT,CVG,DFW,DTW,EWR,FPO,IAD,IAH,MSP,ORD,ORF,PHL,PIT,STL,YYZ
RIW,2,DEN,WRL
RKD,3,AUG,BHB,BOS
RKS,2,COD,DEN
RNO,15,BOI,DEN,DFW,DTW,EKO,IAH,LAS,LAX,MSP,ORD,PDX,PHX,SFO,SEA,SLC
RNT,1,FRD
ROA,10,ATL,CHO,CLT,CVG,DTW,EWR,IAD,ORD,PHL,PIT
ROC,20,ALB,ATL,BDL,BGM,BOS,BUF,BWI,CLE,CLT,CVG,DTW,EWR,HPN,IAD,MCO,ORD,PHL,PIT,SYR,YYZ
ROW,2,ABQ,CNM
RST,3,IFP,MSP,ORD
RSW,29,ACY,ATL,BOS,BWI,CLE,CLT,CMH,CVG,DEN,DFW,DTW,DUS,EWR,EYW,IAD,IAH,IND,MCI,MCO,MEM,MIA,MKE,MSP,ORD,PHL,PIT,STL,TPA,YYZ
RUI,2,ABQ,ALM
RUT,2,BOS,LEB
SAF,3,ABQ,DEN,TSM
SAN,42,ABQ,ATL,AUS,BNA,BOI,BOS,CLT,CVG,DEN,DFW,DTW,ELP,EWR,HNL,IAD,IAH,IFP,LAS,LAX,LHR,LTO,MCI,MEM,MEX,MSP,MSY,MZT,OGG,ORD,PDX,PHL,PHX,PIT,SFO,SAT,SEA,SJD,SLC,SMF,STL,TUS,YYZ
SAT,30,ATL,AUS,BNA,BWI,CVG,DEN,DFW,DTW,ELP,EWR,HRL,IAH,IFP,LAS,LAX,MCI,MCO,MEM,MEX,MSP,MTY,ORD,PHX,RDU,SAN,SLC,SLP,SMF,STL,TPA
SAV,11,AGS,ATL,CLE,CLT,CVG,DFW,DTW,EWR,IAD,IAH,ORD
SBA,6,DEN,LAS,LAX,PHX,SFO,SLC
SBN,7,ATL,CVG,DTW,MSP,ORD,PIT,STL
SBP,3,LAX,PHX,SFO
SBY,4,BWI,IAD,PHL,PIT
SCE,6,DTW,IAD,MDT,PHL,PIT,YNG
SCK,3,IFP,PHX,SEA
SDF,28,ATL,BHM,BWI,CLE,CLT,CVG,DAY,DFW,DTW,EWR,IAD,IAH,IND,LAS,LEX,MCO,MEM,MKE,MSP,ORD,PHL,PHX,PIT,SFO,SMF,STL,TPA,YYZ
SDY,4,BIL,GDV,ISN,MLS
SEA,90,ABQ,ALW,AMS,ANC,ATL,BIL,BLI,BNA,BOI,BOS,BTM,BWI,BZN,CLM,CLT,CPH,CVG,DEN,DFW,DTW,EAT,ESD,EUG,EWR,FAI,FAT,FCA,FRD,GEG,GTF,HLN,HNL,IAD,IAH,ICN,IFP,JNU,KTN,LAS,LAX,LHR,LPS,LWS,MCI,MEM,MFR,MIA,MSO,MSP,MWH,MZT,NRT,ODW,OGG,ORD,PDX,PHL,PHX,PIH,PIT,PSC,PSP,PUW,PVR,RCE,RDM,RNO,SAN,SCK,TWD,YAZ,YVR,YYJ,YCD,SFO,SIT,SJD,SLC,SMF,STL,SUN,SVO,TPE,TUS,YEG,YKM,YLW,YPR,YYC,YYZ
SFB,13,ABE,APF,BGR,BWI,CCS,EWR,FPO,GYY,MIA,ORH,PSM,TPA,SJU
SFO,92,ABQ,ACV,AMS,ANC,ASE,ATL,AUS,BFL,BJX,BNA,BOI,BOS,BWI,CDG,CEC,CIC,CLE,CLT,CVG,DEN,DFW,DTW,EGE,EUG,EWR,FAT,FRA,GDL,GEG,HKG,HNL,IAD,IAH,ICN,IFP,KIX,KOA,LAS,LAX,LHR,LIH,MCI,MCO,MEM,MEX,MFR,MIA,MKE,MLM,MNL,MOD,MRY,MSP,MSY,MUC,MZT,NRT,OGG,ORD,PDX,PEK,PHL,PHX,PIT,PPT,PSP,PVR,RDD,RDM,RNO,SAL,SAN,SBA,SBP,SDF,SEA,SLC,SMF,TIJ,ZCL,SHA,SJD,STL,SYD,TPE,TUS,TWF,YUL,YVR,YYC,YYZ,ZIH
SGF,10,DEN,DFW,DTW,FPO,IFP,MCI,MEM,MSP,ORD,STL
SGU,4,CDC,LAX,MTJ,SLC
SHD,1,PIT
SHR,2,DEN,GCC
SHV,6,ATL,DFW,IAH,MEM,MSY,STL
SJT,2,DFW,IFP
SLC,71,ABQ,ANC,ATL,AUS,BIL,BOI,BOS,BTM,BWI,BZN,CDC,COD,COS,CPR,CVG,DEN,DFW,DSM,EKO,ELP,EWR,FAT,FCA,GEG,GJT,GTF,HEL,HLN,HMO,HNL,IAD,IAH,IDA,IFP,JAC,LAS,LAX,MCI,MCO,MEX,MSO,MSP,MZT,OKC,OMA,ORD,PDX,PHL,PHX,PIH,PSC,PSP,RAP,RNO,SAN,SAT,SBA,SEA,SFO,SGU,SMF,STL,SUN,SZG,TUL,TUS,TWF,WYS,YVR,YYC,ZRH
SLK,2,ALB,PLB
SLN,2,MCI,MHK
SMF,26,ACV,ATL,BOI,DEN,DFW,GDL,HNL,IAH,IFP,LAS,LAX,MCI,MSP,OKC,ORD,PDX,PHX,PSP,RDD,SAN,SAT,SDF,SEA,SFO,SLC,STL
SMX,1,LAX
SOP,1,CLT
SPI,4,MEM,ORD,STL,UIN
SPS,2,DFW,IFP
SRQ,11,ATL,CLE,CLT,CVG,DTW,EWR,FLL,IND,MIA,ORD,TPA
STC,4,BJI,BRD,GPZ,MSP
STL,99,ABQ,ALO,ANC,ATL,AUS,BDL,BHM,BMI,BNA,BOS,BRL,BWI,CGI,CID,CLE,CLT,CMH,CMI,COS,COU,CUN,CVG,DAY,DEC,DEN,DFW,DSM,DTW,EVV,EWR,FLL,FPO,FSD,FSM,FWA,GRR,HNL,IAD,IAH,ICT,IND,IRK,JAX,JLN,LAF,LAS,LAX,LEX,LHR,LIT,LNK,MBJ,MCI,MCO,MEM,MIA,MKE,MKL,MLI,MSN,MSP,MSY,MWA,OGG,OKC,OMA,ORD,ORF,OWB,PAH,PDX,PHL,PHX,PIA,PIT,RDU,RIC,RSW,SAN,SAT,SBN,SDF,SEA,SFO,SGF,SHV,SJU,SLC,SMF,SPI,SUX,TBN,TPA,TUL,TYS,UIN,XNA,YVR,YYZ
SUN,4,BOI,LAX,SEA,SLC
SUX,2,MSP,STL
SVC,1,ABQ
SWF,5,ATL,CVG,IAD,ORD,PHL
SYR,21,ALB,ATL,BDL,BGM,BOS,BUF,BWI,CLE,CLT,CVG,DTW,ELM,EWR,HPN,IAD,ITH,ORD,PHL,PIT,ROC,YYZ
TBN,1,STL
TEB,1,ORD
TEX,3,DEN,FMN,PHX
TLH,12,ATL,CLT,CVG,DFW,FLL,JAX,MCO,MEM,MIA,PBI,PNS,TPA
TOL,6,ATL,CVG,DTW,IND,ORD,PIT
TPA,66,ABQ,ACY,APF,ATL,AUS,BDL,BHM,BNA,BOS,BWI,CLE,CLT,CMH,CUN,CVG,DAB,DEN,DFW,DTW,EWR,EYW,FLL,FRA,GCM,GPT,GYY,IAD,IAH,IND,ISP,JAX,LAS,LAX,LHR,MCI,MCO,MEM,MHT,MIA,MKE,MLB,MSP,MSY,NAS,ORD,PBI,PFN,PHL,PHX,PIT,PNS,PSM,PVD,RDU,RSW,SAT,SDF,SFB,SJU,SRQ,STL,TLH,YYT,YYZ,VPS,YUL
TRI,6,ATL,BNA,CLT,CVG,MEM,PIT
TSM,2,ABQ,SAF
TTN,2,BED,PIT
TUL,17,ATL,BNA,COS,CVG,DEN,DFW,IAH,LAS,LAX,MCI,MEM,MSP,OKC,ORD,PHX,SLC,STL
TUP,2,GTR,MEM
TUS,17,ABQ,ATL,CVG,DEN,DFW,HMO,IAH,LAS,LAX,MSP,ORD,PDX,PHX,SAN,SEA,SFO,SLC
TVC,5,DTW,EWR,MKG,MSP,ORD
TVF,2,BJI,GFK
TWD,2,FRD,SEA
TWF,2,SFO,SLC
TXK,1,DFW
TYR,1,DFW
TYS,16,ATL,BWI,CLE,CLT,CVG,DFW,DTW,EWR,IAD,IAH,MEM,MSP,ORD,PHL,PIT,STL
UCA,2,ALB,EWR
UIN,2,SPI,STL
VCT,1,IAH
VEL,1,DEN
VIS,2,FAT,LAX
VLD,2,ATL,MCN
VPS,7,ATL,CVG,DFW,MCO,MEM,PFN,TPA
WDG,3,DEN,DFW,PNC
WRL,3,COD,DEN,RIW
WYS,1,SLC
XNA,9,ATL,CLT,DFW,EWR,IAH,MCI,MEM,ORD,STL
YKM,2,IFP,SEA
YLY,2,YVR,YXX
YNG,3,CAK,DTW,SCE
YUM,2,LAX,PHX
ZRF,3,CVG,FPO,TAS
