marcotte289,marcotte,YBR280C
marcotte289,marcotte,YNL141W
marcotte12,marcotte,YBL074C
marcotte12,marcotte,YHR165C
marcotte12,marcotte,YER172C
marcotte12,marcotte,YPR082C
marcotte12,marcotte,YJR022W
marcotte12,marcotte,YPL213W
marcotte12,marcotte,YDL043C
marcotte12,marcotte,YJL203W
marcotte12,marcotte,YDR473C
marcotte12,marcotte,YPR178W
marcotte12,marcotte,YGR091W
marcotte12,marcotte,YBR055C
marcotte12,marcotte,YBR152W
marcotte12,marcotte,YKL173W
marcotte12,marcotte,YDL030W
marcotte12,marcotte,YML049C
marcotte12,marcotte,YOR308C
marcotte12,marcotte,YGR075C
marcotte12,marcotte,YDL098C
marcotte12,marcotte,YFL017W-A
marcotte128,marcotte,YBL002W
marcotte128,marcotte,YBL003C
marcotte128,marcotte,YBR010W
marcotte128,marcotte,YMR072W
marcotte194,marcotte,YCR088W
marcotte194,marcotte,YDR129C
marcotte194,marcotte,YNL094W
marcotte88,marcotte,YLR371W
marcotte88,marcotte,YBR011C
marcotte88,marcotte,YLR425W
marcotte88,marcotte,YDL203C
marcotte88,marcotte,YPL066W
marcotte9,marcotte,YFL039C
marcotte9,marcotte,YJL081C
marcotte9,marcotte,YDL002C
marcotte9,marcotte,YGL150C
marcotte9,marcotte,YER092W
marcotte9,marcotte,YDR190C
marcotte9,marcotte,YPL235W
marcotte9,marcotte,YHR090C
marcotte9,marcotte,YAL011W
marcotte9,marcotte,YDR334W
marcotte9,marcotte,YLR399C
marcotte9,marcotte,YBR231C
marcotte9,marcotte,YGR002C
marcotte9,marcotte,YLR385C
marcotte9,marcotte,YML041C
marcotte9,marcotte,YNL107W
marcotte9,marcotte,YLR052W
marcotte9,marcotte,YDR485C
marcotte9,marcotte,YLR085C
marcotte9,marcotte,YFL013C
marcotte9,marcotte,YNL059C
marcotte9,marcotte,YOR141C
marcotte7,marcotte,YDR448W
marcotte7,marcotte,YGR252W
marcotte7,marcotte,YDR145W
marcotte7,marcotte,YDR392W
marcotte7,marcotte,YGL112C
marcotte7,marcotte,YPL254W
marcotte7,marcotte,YBR198C
marcotte7,marcotte,YHR099W
marcotte7,marcotte,YOL148C
marcotte7,marcotte,YLR055C
marcotte7,marcotte,YDR167W
marcotte7,marcotte,YMR236W
marcotte7,marcotte,YDR176W
marcotte7,marcotte,YGR274C
marcotte7,marcotte,YBR081C
marcotte7,marcotte,YML098W
marcotte7,marcotte,YPL011C
marcotte7,marcotte,YML015C
marcotte7,marcotte,YMR227C
marcotte7,marcotte,YMR005W
marcotte7,marcotte,YCL010C
marcotte7,marcotte,YMR223W
marcotte7,marcotte,YGL066W
marcotte7,marcotte,YHL047C
marcotte168,marcotte,YBR173C
marcotte168,marcotte,YKL206C
marcotte168,marcotte,YLR199C
marcotte2,marcotte,YDR052C
marcotte2,marcotte,YGR232W
marcotte2,marcotte,YHR200W
marcotte2,marcotte,YKL145W
marcotte2,marcotte,YGL048C
marcotte2,marcotte,YPR108W
marcotte2,marcotte,YOR259C
marcotte2,marcotte,YOR261C
marcotte2,marcotte,YFR004W
marcotte2,marcotte,YFR052W
marcotte2,marcotte,YOR117W
marcotte2,marcotte,YER021W
marcotte2,marcotte,YDL147W
marcotte2,marcotte,YDL097C
marcotte2,marcotte,YDL007W
marcotte2,marcotte,YDR394W
marcotte2,marcotte,YDR427W
marcotte2,marcotte,YHR027C
marcotte2,marcotte,YLR278C
marcotte2,marcotte,YDR363W-A
marcotte2,marcotte,YIL075C
marcotte2,marcotte,YJL204C
marcotte2,marcotte,YLR421C
marcotte2,marcotte,YFR010W
marcotte2,marcotte,YHL030W
marcotte2,marcotte,YLR359W
marcotte2,marcotte,YKL165C
marcotte2,marcotte,YJR062C
marcotte2,marcotte,YIL107C
marcotte2,marcotte,YDR314C
marcotte2,marcotte,YJR120W
marcotte180,marcotte,YLR028C
marcotte180,marcotte,YMR120C
marcotte180,marcotte,YCR073W-A
marcotte31,marcotte,YLR044C
marcotte31,marcotte,YOL086C
marcotte31,marcotte,YCR012W
marcotte31,marcotte,YGR192C
marcotte31,marcotte,YKL060C
marcotte31,marcotte,YKL152C
marcotte31,marcotte,YMR303C
marcotte31,marcotte,YGR254W
marcotte31,marcotte,YHR174W
marcotte31,marcotte,YBR196C
marcotte257,marcotte,YER017C
marcotte257,marcotte,YMR089C
marcotte91,marcotte,YIL079C
marcotte91,marcotte,YOL115W
marcotte91,marcotte,YDL175C
marcotte91,marcotte,YPL146C
marcotte192,marcotte,YDR264C
marcotte192,marcotte,YOR212W
marcotte192,marcotte,YHR005C
marcotte172,marcotte,YDR101C
marcotte172,marcotte,YER126C
marcotte172,marcotte,YJL122W
marcotte308,marcotte,YMR170C
marcotte308,marcotte,YMR169C
marcotte129,marcotte,YBL037W
marcotte129,marcotte,YOL062C
marcotte129,marcotte,YJR058C
marcotte129,marcotte,YNL270C
marcotte80,marcotte,YER125W
marcotte80,marcotte,YJL084C
marcotte80,marcotte,YMR275C
marcotte80,marcotte,YOR124C
marcotte80,marcotte,YHR131C
marcotte209,marcotte,YML035C
marcotte209,marcotte,YJL070C
marcotte24,marcotte,YGR006W
marcotte24,marcotte,YGR179C
marcotte24,marcotte,YDR318W
marcotte24,marcotte,YPR046W
marcotte24,marcotte,YBR107C
marcotte24,marcotte,YBR211C
marcotte24,marcotte,YDR254W
marcotte24,marcotte,YPL018W
marcotte24,marcotte,YLR381W
marcotte24,marcotte,YDR383C
marcotte24,marcotte,YLR315W
marcotte24,marcotte,YJR135C
marcotte181,marcotte,YKL103C
marcotte181,marcotte,YOL082W
marcotte181,marcotte,YGL156W
marcotte36,marcotte,YEL036C
marcotte36,marcotte,YPL050C
marcotte36,marcotte,YJR075W
marcotte36,marcotte,YLR342W
marcotte36,marcotte,YML115C
marcotte36,marcotte,YJL183W
marcotte36,marcotte,YGR132C
marcotte36,marcotte,YGR231C
marcotte36,marcotte,YDR245W
marcotte201,marcotte,YDR390C
marcotte201,marcotte,YPR180W
marcotte23,marcotte,YLR102C
marcotte23,marcotte,YNL172W
marcotte23,marcotte,YDR118W
marcotte23,marcotte,YFR036W
marcotte23,marcotte,YGL240W
marcotte23,marcotte,YKL022C
marcotte23,marcotte,YHR166C
marcotte23,marcotte,YLR127C
marcotte23,marcotte,YOR249C
marcotte23,marcotte,YBL084C
marcotte23,marcotte,YDR260C
marcotte23,marcotte,YIR025W
marcotte377,marcotte,YDL008W
marcotte377,marcotte,YER047C
marcotte68,marcotte,YKL135C
marcotte68,marcotte,YPR029C
marcotte68,marcotte,YPL259C
marcotte68,marcotte,YHL019C
marcotte68,marcotte,YLR170C
marcotte68,marcotte,YFL034W
marcotte99,marcotte,YGR261C
marcotte99,marcotte,YPL195W
marcotte99,marcotte,YBR288C
marcotte99,marcotte,YJL024C
marcotte137,marcotte,YGL105W
marcotte137,marcotte,YGR264C
marcotte137,marcotte,YGL245W
marcotte46,marcotte,YIL062C
marcotte46,marcotte,YNR035C
marcotte46,marcotte,YKL013C
marcotte46,marcotte,YJR065C
marcotte46,marcotte,YLR370C
marcotte46,marcotte,YBR234C
marcotte46,marcotte,YDL029W
marcotte69,marcotte,YDL040C
marcotte69,marcotte,YHR013C
marcotte69,marcotte,YJR145C
marcotte69,marcotte,YHR203C
marcotte69,marcotte,YOR253W
marcotte69,marcotte,YGR054W
marcotte242,marcotte,YDL192W
marcotte242,marcotte,YDL137W
marcotte102,marcotte,YDR092W
marcotte102,marcotte,YGL087C
marcotte102,marcotte,YMR140W
marcotte102,marcotte,YHR137W
marcotte6,marcotte,YPL016W
marcotte6,marcotte,YCR052W
marcotte6,marcotte,YLR321C
marcotte6,marcotte,YFR037C
marcotte6,marcotte,YIL126W
marcotte6,marcotte,YOR290C
marcotte6,marcotte,YBR289W
marcotte6,marcotte,YMR033W
marcotte6,marcotte,YHL025W
marcotte6,marcotte,YJL176C
marcotte6,marcotte,YNR023W
marcotte6,marcotte,YFL033C
marcotte6,marcotte,YLR033W
marcotte6,marcotte,YCR020W-B
marcotte6,marcotte,YDR303C
marcotte6,marcotte,YGR275W
marcotte6,marcotte,YMR091C
marcotte6,marcotte,YKR008W
marcotte6,marcotte,YLR357W
marcotte6,marcotte,YPR034W
marcotte6,marcotte,YML127W
marcotte6,marcotte,YGR056W
marcotte6,marcotte,YHR056C
marcotte6,marcotte,YGL078C
marcotte6,marcotte,YFL049W
marcotte17,marcotte,YEL056W
marcotte17,marcotte,YPL001W
marcotte17,marcotte,YBR009C
marcotte17,marcotte,YML069W
marcotte17,marcotte,YMR284W
marcotte17,marcotte,YGL207W
marcotte17,marcotte,YMR106C
marcotte17,marcotte,YJL115W
marcotte17,marcotte,YLL022C
marcotte17,marcotte,YNL031C
marcotte17,marcotte,YNL206C
marcotte17,marcotte,YDL156W
marcotte17,marcotte,YNL030W
marcotte17,marcotte,YMR076C
marcotte17,marcotte,YOL054W
marcotte41,marcotte,YGL061C
marcotte41,marcotte,YGR113W
marcotte41,marcotte,YDR201W
marcotte41,marcotte,YKR037C
marcotte41,marcotte,YBR233W-A
marcotte41,marcotte,YDR016C
marcotte41,marcotte,YKL052C
marcotte41,marcotte,YKR083C
marcotte258,marcotte,YPR145W
marcotte258,marcotte,YGR124W
marcotte105,marcotte,YLR423C
marcotte105,marcotte,YPR049C
marcotte105,marcotte,YDR022C
marcotte105,marcotte,YPL166W
marcotte236,marcotte,YFR021W
marcotte236,marcotte,YNL242W
marcotte185,marcotte,YBL099W
marcotte185,marcotte,YJR121W
marcotte185,marcotte,YNL315C
marcotte274,marcotte,YJL180C
marcotte274,marcotte,YIL098C
marcotte329,marcotte,YDR298C
marcotte329,marcotte,YKL016C
marcotte29,marcotte,YBR103W
marcotte29,marcotte,YIL112W
marcotte29,marcotte,YCR033W
marcotte29,marcotte,YGL194C
marcotte29,marcotte,YKR029C
marcotte29,marcotte,YGR296W
marcotte29,marcotte,YHR042W
marcotte29,marcotte,YEL064C
marcotte29,marcotte,YDL112W
marcotte29,marcotte,YMR155W
marcotte315,marcotte,YJR148W
marcotte315,marcotte,YLL048C
marcotte146,marcotte,YLR330W
marcotte146,marcotte,YMR237W
marcotte146,marcotte,YKR027W
marcotte175,marcotte,YER117W
marcotte175,marcotte,YDR361C
marcotte175,marcotte,YPL208W
marcotte97,marcotte,YIL033C
marcotte97,marcotte,YPL203W
marcotte97,marcotte,YKL166C
marcotte97,marcotte,YJL164C
marcotte380,marcotte,YAL060W
marcotte380,marcotte,YAL061W
marcotte356,marcotte,YJL031C
marcotte356,marcotte,YPR176C
marcotte25,marcotte,YKR068C
marcotte25,marcotte,YOR115C
marcotte25,marcotte,YML077W
marcotte25,marcotte,YMR218C
marcotte25,marcotte,YGR166W
marcotte25,marcotte,YDR472W
marcotte25,marcotte,YDR246W
marcotte25,marcotte,YDR108W
marcotte25,marcotte,YDR407C
marcotte25,marcotte,YBR254C
marcotte25,marcotte,YCR014C
marcotte25,marcotte,YJL044C
marcotte285,marcotte,YJR053W
marcotte285,marcotte,YML064C
marcotte57,marcotte,YOR312C
marcotte57,marcotte,YLL045C
marcotte57,marcotte,YBR031W
marcotte57,marcotte,YDR299W
marcotte57,marcotte,YGR145W
marcotte57,marcotte,YNL132W
marcotte57,marcotte,YER127W
marcotte121,marcotte,YDR227W
marcotte121,marcotte,YDL042C
marcotte121,marcotte,YLR442C
marcotte121,marcotte,YFL007W
marcotte114,marcotte,YDR099W
marcotte114,marcotte,YER177W
marcotte114,marcotte,YFR017C
marcotte114,marcotte,YDL117W
marcotte4,marcotte,YHR148W
marcotte4,marcotte,YJR002W
marcotte4,marcotte,YJL069C
marcotte4,marcotte,YLR409C
marcotte4,marcotte,YBL004W
marcotte4,marcotte,YDL148C
marcotte4,marcotte,YDR324C
marcotte4,marcotte,YER082C
marcotte4,marcotte,YPR144C
marcotte4,marcotte,YCR057C
marcotte4,marcotte,YDR449C
marcotte4,marcotte,YLR129W
marcotte4,marcotte,YLR222C
marcotte4,marcotte,YLR186W
marcotte4,marcotte,YDR398W
marcotte4,marcotte,YMR093W
marcotte4,marcotte,YJL109C
marcotte4,marcotte,YHR196W
marcotte4,marcotte,YPL126W
marcotte4,marcotte,YLL011W
marcotte4,marcotte,YMR128W
marcotte4,marcotte,YPL217C
marcotte4,marcotte,YEL055C
marcotte4,marcotte,YML093W
marcotte4,marcotte,YKR060W
marcotte4,marcotte,YGR128C
marcotte4,marcotte,YGR210C
marcotte366,marcotte,YER114C
marcotte366,marcotte,YAL041W
marcotte210,marcotte,YDL074C
marcotte210,marcotte,YPL055C
marcotte52,marcotte,YHR119W
marcotte52,marcotte,YAR003W
marcotte52,marcotte,YBR175W
marcotte52,marcotte,YBR258C
marcotte52,marcotte,YDR469W
marcotte52,marcotte,YLR015W
marcotte52,marcotte,YPL138C
marcotte261,marcotte,YER151C
marcotte261,marcotte,YNR051C
marcotte86,marcotte,YFR031C
marcotte86,marcotte,YLR086W
marcotte86,marcotte,YBL097W
marcotte86,marcotte,YDR325W
marcotte86,marcotte,YLR272C
marcotte14,marcotte,YIL061C
marcotte14,marcotte,YML046W
marcotte14,marcotte,YKL012W
marcotte14,marcotte,YLR298C
marcotte14,marcotte,YOR159C
marcotte14,marcotte,YGR074W
marcotte14,marcotte,YLR147C
marcotte14,marcotte,YPR057W
marcotte14,marcotte,YLR275W
marcotte14,marcotte,YBR119W
marcotte14,marcotte,YGR013W
marcotte14,marcotte,YHR086W
marcotte14,marcotte,YDL087C
marcotte14,marcotte,YER029C
marcotte14,marcotte,YPR182W
marcotte14,marcotte,YDR235W
marcotte14,marcotte,YDR240C
marcotte14,marcotte,YMR125W
marcotte20,marcotte,YOR206W
marcotte20,marcotte,YBR142W
marcotte20,marcotte,YHR052W
marcotte20,marcotte,YDR496C
marcotte20,marcotte,YLR002C
marcotte20,marcotte,YMR049C
marcotte20,marcotte,YMR290C
marcotte20,marcotte,YOR272W
marcotte20,marcotte,YLL008W
marcotte20,marcotte,YMR229C
marcotte20,marcotte,YOL077C
marcotte20,marcotte,YLR449W
marcotte20,marcotte,YLR196W
marcotte389,marcotte,YNL106C
marcotte389,marcotte,YPR171W
marcotte59,marcotte,YAL021C
marcotte59,marcotte,YNR052C
marcotte59,marcotte,YCR093W
marcotte59,marcotte,YGR134W
marcotte59,marcotte,YNL288W
marcotte59,marcotte,YDR252W
marcotte59,marcotte,YJR011C
marcotte388,marcotte,YGR188C
marcotte388,marcotte,YOR026W
marcotte360,marcotte,YGL174W
marcotte360,marcotte,YIR005W
marcotte11,marcotte,YDR301W
marcotte11,marcotte,YPR107C
marcotte11,marcotte,YLR277C
marcotte11,marcotte,YJR093C
marcotte11,marcotte,YKR002W
marcotte11,marcotte,YLR115W
marcotte11,marcotte,YNL317W
marcotte11,marcotte,YER133W
marcotte11,marcotte,YMR311C
marcotte11,marcotte,YKL193C
marcotte11,marcotte,YAL043C
marcotte11,marcotte,YDR195W
marcotte11,marcotte,YGR156W
marcotte11,marcotte,YKL018W
marcotte11,marcotte,YKL059C
marcotte11,marcotte,YNL222W
marcotte11,marcotte,YAR014C
marcotte11,marcotte,YOR179C
marcotte11,marcotte,YFR003C
marcotte11,marcotte,YPL137C
marcotte281,marcotte,YNR053C
marcotte281,marcotte,YLR074C
marcotte83,marcotte,YOR310C
marcotte83,marcotte,YLR197W
marcotte83,marcotte,YOR078W
marcotte83,marcotte,YPR137W
marcotte83,marcotte,YCL040W
marcotte50,marcotte,YML094W
marcotte50,marcotte,YNL153C
marcotte50,marcotte,YLR200W
marcotte50,marcotte,YEL003W
marcotte50,marcotte,YGR078C
marcotte50,marcotte,YFL023W
marcotte50,marcotte,YJL179W
marcotte16,marcotte,YDR416W
marcotte16,marcotte,YMR213W
marcotte16,marcotte,YLL036C
marcotte16,marcotte,YPR101W
marcotte16,marcotte,YAL032C
marcotte16,marcotte,YPL151C
marcotte16,marcotte,YKL095W
marcotte16,marcotte,YDL209C
marcotte16,marcotte,YLR424W
marcotte16,marcotte,YLR117C
marcotte16,marcotte,YBR065C
marcotte16,marcotte,YCR063W
marcotte16,marcotte,YDR364C
marcotte16,marcotte,YGR129W
marcotte16,marcotte,YGR278W
marcotte16,marcotte,YGL128C
marcotte96,marcotte,YGR262C
marcotte96,marcotte,YKR038C
marcotte96,marcotte,YJL184W
marcotte96,marcotte,YML036W
marcotte47,marcotte,YHR107C
marcotte47,marcotte,YCR002C
marcotte47,marcotte,YJR076C
marcotte47,marcotte,YDL225W
marcotte47,marcotte,YLR314C
marcotte47,marcotte,YJR092W
marcotte47,marcotte,YPL167C
marcotte309,marcotte,YLR319C
marcotte309,marcotte,YOR304C-A
marcotte265,marcotte,YLR226W
marcotte265,marcotte,YPR161C
marcotte32,marcotte,YDR388W
marcotte32,marcotte,YOR181W
marcotte32,marcotte,YBL007C
marcotte32,marcotte,YLR337C
marcotte32,marcotte,YIR012W
marcotte32,marcotte,YBL017C
marcotte32,marcotte,YHR114W
marcotte32,marcotte,YLR081W
marcotte32,marcotte,YMR241W
marcotte32,marcotte,YNR065C
marcotte134,marcotte,YML102W
marcotte134,marcotte,YPR018W
marcotte134,marcotte,YBR195C
marcotte75,marcotte,YGR162W
marcotte75,marcotte,YOR276W
marcotte75,marcotte,YOL139C
marcotte75,marcotte,YJL138C
marcotte75,marcotte,YKR059W
marcotte75,marcotte,YKL204W
marcotte118,marcotte,YAL003W
marcotte118,marcotte,YKL081W
marcotte118,marcotte,YPR080W
marcotte118,marcotte,YPL048W
marcotte100,marcotte,YIL034C
marcotte100,marcotte,YIR003W
marcotte100,marcotte,YKL007W
marcotte100,marcotte,YER071C
marcotte204,marcotte,YER165W
marcotte204,marcotte,YPL178W
marcotte337,marcotte,YLR175W
marcotte337,marcotte,YNL308C
marcotte283,marcotte,YNL161W
marcotte283,marcotte,YFL034C-B
marcotte352,marcotte,YKL164C
marcotte352,marcotte,YDL069C
marcotte122,marcotte,YMR201C
marcotte122,marcotte,YBR114W
marcotte122,marcotte,YER162C
marcotte122,marcotte,YKL011C
marcotte53,marcotte,YDL108W
marcotte53,marcotte,YER171W
marcotte53,marcotte,YDR311W
marcotte53,marcotte,YPR056W
marcotte53,marcotte,YLR005W
marcotte53,marcotte,YDR460W
marcotte53,marcotte,YPR025C
marcotte182,marcotte,YOL081W
marcotte182,marcotte,YJR104C
marcotte182,marcotte,YMR038C
marcotte74,marcotte,YDR212W
marcotte74,marcotte,YIL142W
marcotte74,marcotte,YJL014W
marcotte74,marcotte,YDL143W
marcotte74,marcotte,YJR064W
marcotte74,marcotte,YDR188W
marcotte331,marcotte,YOR281C
marcotte331,marcotte,YJL111W
marcotte293,marcotte,YBR131W
marcotte293,marcotte,YGL124C
marcotte26,marcotte,YER025W
marcotte26,marcotte,YJR007W
marcotte26,marcotte,YGR083C
marcotte26,marcotte,YOR260W
marcotte26,marcotte,YKR026C
marcotte26,marcotte,YLR291C
marcotte26,marcotte,YDR211W
marcotte26,marcotte,YPL237W
marcotte26,marcotte,YLR215C
marcotte26,marcotte,YMR257C
marcotte26,marcotte,YIR026C
marcotte153,marcotte,YAR019C
marcotte153,marcotte,YBR281C
marcotte153,marcotte,YIL173W
marcotte150,marcotte,YAL038W
marcotte150,marcotte,YLL024C
marcotte150,marcotte,YPL106C
marcotte166,marcotte,YLR310C
marcotte166,marcotte,YGL197W
marcotte166,marcotte,YBR225W
marcotte43,marcotte,YBR160W
marcotte43,marcotte,YPR119W
marcotte43,marcotte,YPL256C
marcotte43,marcotte,YMR199W
marcotte43,marcotte,YLR079W
marcotte43,marcotte,YBR135W
marcotte43,marcotte,YDL155W
marcotte43,marcotte,YLR210W
marcotte27,marcotte,YDR054C
marcotte27,marcotte,YJR090C
marcotte27,marcotte,YGL252C
marcotte27,marcotte,YJL047C
marcotte27,marcotte,YDL164C
marcotte27,marcotte,YOL063C
marcotte27,marcotte,YDL215C
marcotte27,marcotte,YLR320W
marcotte27,marcotte,YGL143C
marcotte27,marcotte,YHR154W
marcotte343,marcotte,YDL165W
marcotte343,marcotte,YPR072W
marcotte167,marcotte,YGL155W
marcotte167,marcotte,YKL019W
marcotte167,marcotte,YDL090C
marcotte202,marcotte,YDL126C
marcotte202,marcotte,YKL213C
marcotte79,marcotte,YIL026C
marcotte79,marcotte,YJL074C
marcotte79,marcotte,YDL003W
marcotte79,marcotte,YFL008W
marcotte79,marcotte,YMR001C
marcotte45,marcotte,YDL132W
marcotte45,marcotte,YDL216C
marcotte45,marcotte,YMR025W
marcotte45,marcotte,YIL071C
marcotte45,marcotte,YOL133W
marcotte45,marcotte,YDR179C
marcotte45,marcotte,YOL117W
marcotte37,marcotte,YGL190C
marcotte37,marcotte,YML109W
marcotte37,marcotte,YDL134C
marcotte37,marcotte,YDL188C
marcotte37,marcotte,YAL016W
marcotte37,marcotte,YMR273C
marcotte37,marcotte,YOR386W
marcotte37,marcotte,YGR161C
marcotte15,marcotte,YIL035C
marcotte15,marcotte,YOR061W
marcotte15,marcotte,YOR039W
marcotte15,marcotte,YGL019W
marcotte15,marcotte,YDR172W
marcotte15,marcotte,YBR143C
marcotte15,marcotte,YOL006C
marcotte15,marcotte,YOL145C
marcotte15,marcotte,YOR123C
marcotte15,marcotte,YBR279W
marcotte15,marcotte,YGL244W
marcotte15,marcotte,YLR418C
marcotte15,marcotte,YER164W
marcotte15,marcotte,YMR172W
marcotte15,marcotte,YCL031C
marcotte15,marcotte,YLR407W
marcotte224,marcotte,YGL130W
marcotte224,marcotte,YPL228W
marcotte267,marcotte,YGL206C
marcotte267,marcotte,YGR167W
marcotte382,marcotte,YDR231C
marcotte382,marcotte,YNL192W
marcotte110,marcotte,YDR267C
marcotte110,marcotte,YHR122W
marcotte110,marcotte,YIL128W
marcotte110,marcotte,YNL240C
marcotte39,marcotte,YKR048C
marcotte39,marcotte,YDR224C
marcotte39,marcotte,YMR139W
marcotte39,marcotte,YNL078W
marcotte39,marcotte,YGL241W
marcotte39,marcotte,YOL012C
marcotte39,marcotte,YOL070C
marcotte39,marcotte,YLR133W
marcotte115,marcotte,YMR061W
marcotte115,marcotte,YGL044C
marcotte115,marcotte,YDR228C
marcotte115,marcotte,YOR250C
marcotte199,marcotte,YMR012W
marcotte199,marcotte,YJL144W
marcotte199,marcotte,YNL234W
marcotte33,marcotte,YBR109C
marcotte33,marcotte,YOR326W
marcotte33,marcotte,YMR109W
marcotte33,marcotte,YLR429W
marcotte33,marcotte,YGL106W
marcotte33,marcotte,YAL029C
marcotte33,marcotte,YBR130C
marcotte33,marcotte,YKL130C
marcotte33,marcotte,YOR035C
marcotte33,marcotte,YKL129C
marcotte155,marcotte,YLR433C
marcotte155,marcotte,YML057W
marcotte155,marcotte,YKL190W
marcotte40,marcotte,YER157W
marcotte40,marcotte,YGR120C
marcotte40,marcotte,YML071C
marcotte40,marcotte,YNL041C
marcotte40,marcotte,YNL051W
marcotte40,marcotte,YPR105C
marcotte40,marcotte,YGL005C
marcotte40,marcotte,YGL223C
marcotte18,marcotte,YPL031C
marcotte18,marcotte,YDL145C
marcotte18,marcotte,YPL010W
marcotte18,marcotte,YIL076W
marcotte18,marcotte,YFR051C
marcotte18,marcotte,YDR238C
marcotte18,marcotte,YGL137W
marcotte18,marcotte,YNL287W
marcotte18,marcotte,YIL050W
marcotte18,marcotte,YPL219W
marcotte18,marcotte,YOL001W
marcotte18,marcotte,YHR066W
marcotte18,marcotte,YER122C
marcotte18,marcotte,YPR143W
marcotte18,marcotte,YPL088W
marcotte200,marcotte,YBL045C
marcotte200,marcotte,YPR191W
marcotte271,marcotte,YGL187C
marcotte271,marcotte,YNL052W
marcotte244,marcotte,YJR109C
marcotte244,marcotte,YOR303W
marcotte277,marcotte,YLR216C
marcotte277,marcotte,YHR074W
marcotte316,marcotte,YGR218W
marcotte316,marcotte,YEL022W
marcotte130,marcotte,YDR233C
marcotte130,marcotte,YHR146W
marcotte130,marcotte,YJL146W
marcotte130,marcotte,YPL154C
marcotte5,marcotte,YNR010W
marcotte5,marcotte,YOR174W
marcotte5,marcotte,YOL135C
marcotte5,marcotte,YNL236W
marcotte5,marcotte,YOL051W
marcotte5,marcotte,YMR112C
marcotte5,marcotte,YDL005C
marcotte5,marcotte,YPR168W
marcotte5,marcotte,YLR071C
marcotte5,marcotte,YER022W
marcotte5,marcotte,YGL151W
marcotte5,marcotte,YGL025C
marcotte5,marcotte,YGR104C
marcotte5,marcotte,YHR041C
marcotte5,marcotte,YHR058C
marcotte5,marcotte,YBR193C
marcotte5,marcotte,YBR253W
marcotte5,marcotte,YBL093C
marcotte5,marcotte,YDR308C
marcotte5,marcotte,YCR081W
marcotte5,marcotte,YPL042C
marcotte5,marcotte,YDR443C
marcotte5,marcotte,YDL229W
marcotte5,marcotte,YGL127C
marcotte5,marcotte,YPR070W
marcotte10,marcotte,YOL021C
marcotte10,marcotte,YOR098C
marcotte10,marcotte,YLR335W
marcotte10,marcotte,YGR158C
marcotte10,marcotte,YDL111C
marcotte10,marcotte,YHR069C
marcotte10,marcotte,YGR195W
marcotte10,marcotte,YDR280W
marcotte10,marcotte,YGR095C
marcotte10,marcotte,YCR035C
marcotte10,marcotte,YOL142W
marcotte10,marcotte,YAR002W
marcotte10,marcotte,YNL189W
marcotte10,marcotte,YOR001W
marcotte10,marcotte,YHR081W
marcotte10,marcotte,YPL020C
marcotte10,marcotte,YNL232W
marcotte10,marcotte,YOR076C
marcotte10,marcotte,YGR202C
marcotte10,marcotte,YNR024W
marcotte287,marcotte,YNL273W
marcotte287,marcotte,YMR048W
marcotte48,marcotte,YJR068W
marcotte48,marcotte,YOL094C
marcotte48,marcotte,YNL290W
marcotte48,marcotte,YOR217W
marcotte48,marcotte,YBR087W
marcotte48,marcotte,YMR078C
marcotte48,marcotte,YOR144C
marcotte85,marcotte,YPR135W
marcotte85,marcotte,YDR013W
marcotte85,marcotte,YDR489W
marcotte85,marcotte,YJL072C
marcotte85,marcotte,YOL146W
marcotte296,marcotte,YCL016C
marcotte296,marcotte,YHR191C
marcotte22,marcotte,YNL330C
marcotte22,marcotte,YOL004W
marcotte22,marcotte,YMR263W
marcotte22,marcotte,YDR207C
marcotte22,marcotte,YPL181W
marcotte22,marcotte,YIL084C
marcotte22,marcotte,YNL097C
marcotte22,marcotte,YPL139C
marcotte22,marcotte,YAL013W
marcotte22,marcotte,YMR075W
marcotte22,marcotte,YBR095C
marcotte22,marcotte,YDL076C
marcotte152,marcotte,YKL139W
marcotte152,marcotte,YML112W
marcotte152,marcotte,YJL006C
marcotte215,marcotte,YMR240C
marcotte215,marcotte,YLR382C
marcotte138,marcotte,YOR319W
marcotte138,marcotte,YNL286W
marcotte138,marcotte,YMR288W
marcotte279,marcotte,YBR112C
marcotte279,marcotte,YCR084C
marcotte139,marcotte,YNL138W
marcotte139,marcotte,YJL005W
marcotte139,marcotte,YGR233C
marcotte186,marcotte,YGR092W
marcotte186,marcotte,YIL106W
marcotte186,marcotte,YPR111W
marcotte44,marcotte,YCL054W
marcotte44,marcotte,YPL211W
marcotte44,marcotte,YDL031W
marcotte44,marcotte,YDR087C
marcotte44,marcotte,YFL002C
marcotte44,marcotte,YGL111W
marcotte44,marcotte,YHR088W
marcotte44,marcotte,YLL034C
marcotte124,marcotte,YNL112W
marcotte124,marcotte,YKL028W
marcotte124,marcotte,YKR062W
marcotte124,marcotte,YDR452W
marcotte383,marcotte,YKL149C
marcotte383,marcotte,YGR093W
marcotte104,marcotte,YOL149W
marcotte104,marcotte,YNL118C
marcotte104,marcotte,YEL015W
marcotte104,marcotte,YBR094W
marcotte226,marcotte,YLR270W
marcotte226,marcotte,YOR173W
marcotte191,marcotte,YLR288C
marcotte191,marcotte,YPL194W
marcotte191,marcotte,YPL029W
marcotte19,marcotte,YAL035W
marcotte19,marcotte,YMR309C
marcotte19,marcotte,YPR041W
marcotte19,marcotte,YOR361C
marcotte19,marcotte,YMR146C
marcotte19,marcotte,YNL244C
marcotte19,marcotte,YDR429C
marcotte19,marcotte,YBR079C
marcotte19,marcotte,YBL072C
marcotte19,marcotte,YLR192C
marcotte19,marcotte,YER102W
marcotte19,marcotte,YOR204W
marcotte19,marcotte,YDR091C
marcotte19,marcotte,YPL105C
marcotte21,marcotte,YDL160C
marcotte21,marcotte,YGL173C
marcotte21,marcotte,YJL124C
marcotte21,marcotte,YLR438C-A
marcotte21,marcotte,YNL147W
marcotte21,marcotte,YBL026W
marcotte21,marcotte,YER112W
marcotte21,marcotte,YKL188C
marcotte21,marcotte,YDR378C
marcotte21,marcotte,YER146W
marcotte21,marcotte,YDL065C
marcotte21,marcotte,YCR077C
marcotte21,marcotte,YMR268C
marcotte156,marcotte,YNL186W
marcotte156,marcotte,YGR090W
marcotte156,marcotte,YKL078W
marcotte87,marcotte,YDR480W
marcotte87,marcotte,YHR084W
marcotte87,marcotte,YGR040W
marcotte87,marcotte,YPL049C
marcotte87,marcotte,YDL159W
marcotte330,marcotte,YOR145C
marcotte330,marcotte,YPL266W
marcotte135,marcotte,YGL133W
marcotte135,marcotte,YJL065C
marcotte135,marcotte,YOR304W
marcotte362,marcotte,YNL311C
marcotte362,marcotte,YHR115C
marcotte34,marcotte,YBR136W
marcotte34,marcotte,YER095W
marcotte34,marcotte,YML032C
marcotte34,marcotte,YNL312W
marcotte34,marcotte,YAR007C
marcotte34,marcotte,YJL173C
marcotte34,marcotte,YHL027W
marcotte34,marcotte,YHR164C
marcotte34,marcotte,YER104W
marcotte282,marcotte,YNL297C
marcotte282,marcotte,YDR141C
marcotte119,marcotte,YBR278W
marcotte119,marcotte,YPR175W
marcotte119,marcotte,YNL262W
marcotte119,marcotte,YDR121W
marcotte71,marcotte,YBL071W-A
marcotte71,marcotte,YDR385W
marcotte71,marcotte,YIL103W
marcotte71,marcotte,YKL191W
marcotte71,marcotte,YOR133W
marcotte71,marcotte,YGR187C
marcotte276,marcotte,YKR071C
marcotte276,marcotte,YPR048W
marcotte72,marcotte,YLR268W
marcotte72,marcotte,YGL145W
marcotte72,marcotte,YOR075W
marcotte72,marcotte,YNL258C
marcotte72,marcotte,YGL098W
marcotte72,marcotte,YLR440C
marcotte101,marcotte,YAL034W-A
marcotte101,marcotte,YIR010W
marcotte101,marcotte,YJR112W
marcotte101,marcotte,YPL233W
marcotte62,marcotte,YML001W
marcotte62,marcotte,YFL005W
marcotte62,marcotte,YPR017C
marcotte62,marcotte,YFL038C
marcotte62,marcotte,YBR264C
marcotte62,marcotte,YER031C
marcotte62,marcotte,YGL210W
marcotte1,marcotte,YNR003C
marcotte1,marcotte,YGL043W
marcotte1,marcotte,YGR063C
marcotte1,marcotte,YOR151C
marcotte1,marcotte,YDL140C
marcotte1,marcotte,YIL021W
marcotte1,marcotte,YOR207C
marcotte1,marcotte,YPR110C
marcotte1,marcotte,YJR063W
marcotte1,marcotte,YPR187W
marcotte1,marcotte,YOR341W
marcotte1,marcotte,YOR210W
marcotte1,marcotte,YOR224C
marcotte1,marcotte,YOR340C
marcotte1,marcotte,YPR010C
marcotte1,marcotte,YNL113W
marcotte1,marcotte,YBR154C
marcotte1,marcotte,YDR156W
marcotte1,marcotte,YNL248C
marcotte1,marcotte,YOL005C
marcotte1,marcotte,YJL140W
marcotte1,marcotte,YGL070C
marcotte1,marcotte,YDR404C
marcotte1,marcotte,YKL144C
marcotte1,marcotte,YOR116C
marcotte1,marcotte,YJL011C
marcotte1,marcotte,YNL151C
marcotte1,marcotte,YDR045C
marcotte1,marcotte,YPR190C
marcotte1,marcotte,YDL150W
marcotte1,marcotte,YKR025W
marcotte1,marcotte,YGR005C
marcotte1,marcotte,YGR186W
marcotte1,marcotte,YJL148W
marcotte1,marcotte,YDL115C
marcotte189,marcotte,YDR424C
marcotte189,marcotte,YDR488C
marcotte189,marcotte,YBL064C
marcotte49,marcotte,YOR244W
marcotte49,marcotte,YDR359C
marcotte49,marcotte,YEL018W
marcotte49,marcotte,YFL024C
marcotte49,marcotte,YJR082C
marcotte49,marcotte,YNL136W
marcotte49,marcotte,YPR023C
marcotte30,marcotte,YGR103W
marcotte30,marcotte,YPL093W
marcotte30,marcotte,YER006W
marcotte30,marcotte,YNL061W
marcotte30,marcotte,YKL009W
marcotte30,marcotte,YNL002C
marcotte30,marcotte,YPR016C
marcotte30,marcotte,YKL172W
marcotte30,marcotte,YNL110C
marcotte30,marcotte,YKR081C
marcotte328,marcotte,YDR395W
marcotte328,marcotte,YAL059W
marcotte183,marcotte,YLR436C
marcotte183,marcotte,YBR058C
marcotte183,marcotte,YMR304W
marcotte171,marcotte,YDR225W
marcotte171,marcotte,YBL047C
marcotte171,marcotte,YCR030C
marcotte264,marcotte,YHR193C
marcotte264,marcotte,YPL037C
marcotte3,marcotte,YDR347W
marcotte3,marcotte,YHL004W
marcotte3,marcotte,YGR084C
marcotte3,marcotte,YOR158W
marcotte3,marcotte,YNL306W
marcotte3,marcotte,YDR337W
marcotte3,marcotte,YBR251W
marcotte3,marcotte,YJR113C
marcotte3,marcotte,YDL045W-A
marcotte3,marcotte,YDR041W
marcotte3,marcotte,YBR146W
marcotte3,marcotte,YBL090W
marcotte3,marcotte,YKL155C
marcotte3,marcotte,YNR037C
marcotte3,marcotte,YMR188C
marcotte3,marcotte,YDR175C
marcotte3,marcotte,YER050C
marcotte3,marcotte,YGL129C
marcotte3,marcotte,YGR215W
marcotte3,marcotte,YIL093C
marcotte3,marcotte,YJR101W
marcotte3,marcotte,YMR158W
marcotte3,marcotte,YNL137C
marcotte3,marcotte,YDR036C
marcotte3,marcotte,YHR059W
marcotte3,marcotte,YPL118W
marcotte3,marcotte,YPL013C
marcotte3,marcotte,YGR165W
marcotte303,marcotte,YJR052W
marcotte303,marcotte,YPL046C
marcotte66,marcotte,YHR187W
marcotte66,marcotte,YLR384C
marcotte66,marcotte,YGR200C
marcotte66,marcotte,YMR312W
marcotte66,marcotte,YPL086C
marcotte66,marcotte,YPL101W
marcotte108,marcotte,YAR002C-A
marcotte108,marcotte,YML012W
marcotte108,marcotte,YGL200C
marcotte108,marcotte,YAL007C
marcotte353,marcotte,YDR313C
marcotte353,marcotte,YLR083C
marcotte310,marcotte,YIR006C
marcotte310,marcotte,YNL084C
marcotte89,marcotte,YPL204W
marcotte89,marcotte,YBR247C
marcotte89,marcotte,YDL060W
marcotte89,marcotte,YKL143W
marcotte89,marcotte,YNL207W
marcotte359,marcotte,YDL018C
marcotte359,marcotte,YHR110W
marcotte333,marcotte,YAL042W
marcotte333,marcotte,YML067C
marcotte61,marcotte,YKR001C
marcotte61,marcotte,YBR245C
marcotte61,marcotte,YFR013W
marcotte61,marcotte,YLR095C
marcotte61,marcotte,YMR044W
marcotte61,marcotte,YOL017W
marcotte61,marcotte,YPL082C
marcotte184,marcotte,YDR025W
marcotte184,marcotte,YNR054C
marcotte184,marcotte,YDR365C
marcotte42,marcotte,YBR102C
marcotte42,marcotte,YLR166C
marcotte42,marcotte,YDR166C
marcotte42,marcotte,YPR055W
marcotte42,marcotte,YGL233W
marcotte42,marcotte,YER008C
marcotte42,marcotte,YIL068C
marcotte42,marcotte,YJL085W
marcotte157,marcotte,YNL135C
marcotte157,marcotte,YNL023C
marcotte157,marcotte,YIL161W
marcotte325,marcotte,YKL182W
marcotte325,marcotte,YPL231W
marcotte237,marcotte,YJL155C
marcotte237,marcotte,YLR345W
marcotte297,marcotte,YLR386W
marcotte297,marcotte,YNL325C
marcotte13,marcotte,YLR263W
marcotte13,marcotte,YER012W
marcotte13,marcotte,YPR103W
marcotte13,marcotte,YJL001W
marcotte13,marcotte,YGR135W
marcotte13,marcotte,YER094C
marcotte13,marcotte,YGL011C
marcotte13,marcotte,YGR253C
marcotte13,marcotte,YML092C
marcotte13,marcotte,YOR362C
marcotte13,marcotte,YMR314W
marcotte13,marcotte,YOL038W
marcotte13,marcotte,YFR050C
marcotte13,marcotte,YBL041W
marcotte13,marcotte,YOR157C
marcotte13,marcotte,YAL053W
marcotte13,marcotte,YDR517W
marcotte13,marcotte,YJR051W
marcotte307,marcotte,YGR052W
marcotte307,marcotte,YCL030C
marcotte208,marcotte,YFL022C
marcotte208,marcotte,YLR060W
marcotte373,marcotte,YER110C
marcotte373,marcotte,YAL034C
marcotte51,marcotte,YIL097W
marcotte51,marcotte,YCL039W
marcotte51,marcotte,YMR135C
marcotte51,marcotte,YDR255C
marcotte51,marcotte,YBR105C
marcotte51,marcotte,YIL017C
marcotte51,marcotte,YGL227W
marcotte239,marcotte,YBR260C
marcotte239,marcotte,YGR196C
marcotte76,marcotte,YER027C
marcotte76,marcotte,YGL115W
marcotte76,marcotte,YGL208W
marcotte76,marcotte,YDR477W
marcotte76,marcotte,YEL023C
marcotte28,marcotte,YNL004W
marcotte28,marcotte,YGL253W
marcotte28,marcotte,YDR138W
marcotte28,marcotte,YCL011C
marcotte28,marcotte,YDL084W
marcotte28,marcotte,YDR381W
marcotte28,marcotte,YHR167W
marcotte28,marcotte,YML062C
marcotte28,marcotte,YNL139C
marcotte28,marcotte,YNL253W
marcotte232,marcotte,YJL125C
marcotte232,marcotte,YNL062C
marcotte178,marcotte,YFR009W
marcotte178,marcotte,YGL195W
marcotte178,marcotte,YKL104C
marcotte322,marcotte,YAL062W
marcotte322,marcotte,YOR375C
marcotte113,marcotte,YER136W
marcotte113,marcotte,YOR370C
marcotte113,marcotte,YOR089C
marcotte113,marcotte,YKR014C
marcotte144,marcotte,YGL020C
marcotte144,marcotte,YER083C
marcotte144,marcotte,YDL100C
marcotte319,marcotte,YDR507C
marcotte319,marcotte,YCL024W
marcotte378,marcotte,YBR045C
marcotte378,marcotte,YGL057C
marcotte213,marcotte,YDR152W
marcotte213,marcotte,YGR173W
marcotte38,marcotte,YER107C
marcotte38,marcotte,YGL172W
marcotte38,marcotte,YGR119C
marcotte38,marcotte,YMR047C
marcotte38,marcotte,YFR002W
marcotte38,marcotte,YJL041W
marcotte38,marcotte,YIL115C
marcotte38,marcotte,YJL061W
marcotte145,marcotte,YLR258W
marcotte145,marcotte,YFR015C
marcotte145,marcotte,YJL137C
marcotte375,marcotte,YER040W
marcotte375,marcotte,YNL229C
marcotte350,marcotte,YHR104W
marcotte350,marcotte,YGL006W
marcotte314,marcotte,YDR098C
marcotte314,marcotte,YER174C
marcotte77,marcotte,YLR293C
marcotte77,marcotte,YJR074W
marcotte77,marcotte,YGL097W
marcotte77,marcotte,YDR002W
marcotte77,marcotte,YOR185C
marcotte211,marcotte,YBR229C
marcotte211,marcotte,YDR221W
marcotte103,marcotte,YCR009C
marcotte103,marcotte,YMR192W
marcotte103,marcotte,YPL249C
marcotte103,marcotte,YML123C
marcotte177,marcotte,YOR358W
marcotte177,marcotte,YBL021C
marcotte177,marcotte,YGL237C
marcotte143,marcotte,YNL021W
marcotte143,marcotte,YDR295C
marcotte143,marcotte,YPR179C
marcotte90,marcotte,YBL008W
marcotte90,marcotte,YOR038C
marcotte90,marcotte,YPL153C
marcotte90,marcotte,YBR215W
marcotte357,marcotte,YBR034C
marcotte357,marcotte,YML017W
marcotte230,marcotte,YLR113W
marcotte230,marcotte,YLR248W
marcotte56,marcotte,YMR028W
marcotte56,marcotte,YDL047W
marcotte56,marcotte,YJL098W
marcotte56,marcotte,YFR040W
marcotte56,marcotte,YKR028W
marcotte56,marcotte,YOR267C
marcotte56,marcotte,YLR179C
marcotte84,marcotte,YOL123W
marcotte84,marcotte,YBR017C
marcotte84,marcotte,YGL122C
marcotte84,marcotte,YBR205W
marcotte84,marcotte,YNL035C
marcotte123,marcotte,YPL240C
marcotte123,marcotte,YMR186W
marcotte123,marcotte,YOR027W
marcotte123,marcotte,YGR123C
marcotte225,marcotte,YHL002W
marcotte225,marcotte,YNR006W
marcotte256,marcotte,YLL026W
marcotte256,marcotte,YKL215C
marcotte176,marcotte,YBR127C
marcotte176,marcotte,YDR202C
marcotte176,marcotte,YDR171W
marcotte161,marcotte,YLR259C
marcotte161,marcotte,YGR234W
marcotte161,marcotte,YNL085W
marcotte306,marcotte,YNL037C
marcotte306,marcotte,YOR136W
marcotte212,marcotte,YLR355C
marcotte212,marcotte,YPL225W
marcotte187,marcotte,YHR216W
marcotte187,marcotte,YML056C
marcotte187,marcotte,YLR432W
marcotte8,marcotte,YDR405W
marcotte8,marcotte,YGR220C
marcotte8,marcotte,YNL284C
marcotte8,marcotte,YDR116C
marcotte8,marcotte,YJL063C
marcotte8,marcotte,YNL252C
marcotte8,marcotte,YNL005C
marcotte8,marcotte,YBL038W
marcotte8,marcotte,YMR024W
marcotte8,marcotte,YDR322W
marcotte8,marcotte,YDR462W
marcotte8,marcotte,YKR085C
marcotte8,marcotte,YLR439W
marcotte8,marcotte,YML025C
marcotte8,marcotte,YDR237W
marcotte8,marcotte,YMR193W
marcotte8,marcotte,YBR122C
marcotte8,marcotte,YKR006C
marcotte8,marcotte,YKL167C
marcotte8,marcotte,YCR046C
marcotte8,marcotte,YCR071C
marcotte8,marcotte,YDR296W
marcotte8,marcotte,YLR312W-A
marcotte8,marcotte,YPL173W
marcotte195,marcotte,YNL075W
marcotte195,marcotte,YKL035W
marcotte195,marcotte,YGL242C
marcotte78,marcotte,YNL182C
marcotte78,marcotte,YCR072C
marcotte78,marcotte,YGR245C
marcotte78,marcotte,YHR197W
marcotte78,marcotte,YHR085W
marcotte290,marcotte,YCL017C
marcotte290,marcotte,YER048W-A
marcotte292,marcotte,YBR188C
marcotte292,marcotte,YJR050W
marcotte391,marcotte,YLR347C
marcotte326,marcotte,YNL267W
marcotte326,marcotte,YDR017C
marcotte170,marcotte,YGR238C
marcotte170,marcotte,YHR158C
marcotte170,marcotte,YAL024C
marcotte248,marcotte,YNL238W
marcotte248,marcotte,YOL031C
marcotte125,marcotte,YDR148C
marcotte125,marcotte,YIL125W
marcotte125,marcotte,YFR049W
marcotte125,marcotte,YFL018C
marcotte243,marcotte,YHR102W
marcotte243,marcotte,YOR353C
marcotte107,marcotte,YCL059C
marcotte107,marcotte,YGR159C
marcotte107,marcotte,YLR410W
marcotte107,marcotte,YGR017W
marcotte158,marcotte,YER178W
marcotte158,marcotte,YNL071W
marcotte158,marcotte,YBR221C
marcotte367,marcotte,YDR062W
marcotte367,marcotte,YMR296C
marcotte219,marcotte,YNL104C
marcotte219,marcotte,YOR108W
marcotte54,marcotte,YDL051W
marcotte54,marcotte,YML105C
marcotte54,marcotte,YPR088C
marcotte54,marcotte,YDL092W
marcotte54,marcotte,YKL122C
marcotte54,marcotte,YPL243W
marcotte54,marcotte,YPL210C
marcotte311,marcotte,YNL243W
marcotte311,marcotte,YFR024C-A
marcotte227,marcotte,YGR244C
marcotte227,marcotte,YOR142W
marcotte82,marcotte,YDR490C
marcotte82,marcotte,YPL004C
marcotte82,marcotte,YGR086C
marcotte82,marcotte,YKL142W
marcotte82,marcotte,YMR086W
marcotte63,marcotte,YLR075W
marcotte63,marcotte,YDR012W
marcotte63,marcotte,YNL178W
marcotte63,marcotte,YML063W
marcotte63,marcotte,YPL239W
marcotte63,marcotte,YDL131W
marcotte63,marcotte,YPL090C
marcotte270,marcotte,YGL086W
marcotte270,marcotte,YJL030W
marcotte147,marcotte,YEL053C
marcotte147,marcotte,YPR051W
marcotte147,marcotte,YCR020C-A
marcotte251,marcotte,YOL120C
marcotte251,marcotte,YDR060W
marcotte395,marcotte,YIL070C
marcotte252,marcotte,YLR244C
marcotte252,marcotte,YBR030W
marcotte217,marcotte,YHR024C
marcotte217,marcotte,YLR163C
marcotte148,marcotte,YDL056W
marcotte148,marcotte,YLR182W
marcotte148,marcotte,YER111C
marcotte354,marcotte,YOR315W
marcotte354,marcotte,YDL054C
marcotte220,marcotte,YOL076W
marcotte220,marcotte,YPR131C
marcotte127,marcotte,YBR137W
marcotte127,marcotte,YOR007C
marcotte127,marcotte,YOR164C
marcotte127,marcotte,YOL111C
marcotte234,marcotte,YPL023C
marcotte234,marcotte,YGL125W
marcotte205,marcotte,YNL103W
marcotte205,marcotte,YIL046W
marcotte58,marcotte,YPL169C
marcotte58,marcotte,YKL057C
marcotte58,marcotte,YLR208W
marcotte58,marcotte,YGL092W
marcotte58,marcotte,YDL116W
marcotte58,marcotte,YJR042W
marcotte58,marcotte,YGL100W
marcotte365,marcotte,YNL218W
marcotte365,marcotte,YEL058W
marcotte323,marcotte,YHR023W
marcotte323,marcotte,YPR188C
marcotte169,marcotte,YMR167W
marcotte169,marcotte,YNL082W
marcotte169,marcotte,YLR035C
marcotte197,marcotte,YEL019C
marcotte197,marcotte,YLR435W
marcotte197,marcotte,YLR383W
marcotte273,marcotte,YHR204W
marcotte273,marcotte,YCL043C
marcotte95,marcotte,YOL090W
marcotte95,marcotte,YCR092C
marcotte95,marcotte,YDR097C
marcotte95,marcotte,YIR002C
marcotte342,marcotte,YMR203W
marcotte342,marcotte,YJL066C
marcotte368,marcotte,YPR112C
marcotte368,marcotte,YOL010W
marcotte163,marcotte,YMR224C
marcotte163,marcotte,YNL250W
marcotte163,marcotte,YDR369C
marcotte295,marcotte,YNL185C
marcotte295,marcotte,YBR268W
marcotte398,marcotte,YOR150W
marcotte262,marcotte,YKL074C
marcotte262,marcotte,YLR116W
marcotte340,marcotte,YJR045C
marcotte340,marcotte,YLR203C
marcotte332,marcotte,YDL044C
marcotte332,marcotte,YLR139C
marcotte207,marcotte,YMR239C
marcotte207,marcotte,YJL050W
marcotte73,marcotte,YHR012W
marcotte73,marcotte,YJL154C
marcotte73,marcotte,YOR132W
marcotte73,marcotte,YOR069W
marcotte73,marcotte,YJL053W
marcotte73,marcotte,YPL070W
marcotte111,marcotte,YLR430W
marcotte111,marcotte,YNL251C
marcotte111,marcotte,YPL190C
marcotte111,marcotte,YML117W
marcotte193,marcotte,YJL128C
marcotte193,marcotte,YDL006W
marcotte193,marcotte,YDR162C
marcotte385,marcotte,YHR124W
marcotte385,marcotte,YGR019W
marcotte280,marcotte,YGR010W
marcotte280,marcotte,YLR328W
marcotte334,marcotte,YHR170W
marcotte334,marcotte,YBR267W
marcotte392,marcotte,YDL014W
marcotte301,marcotte,YOL144W
marcotte301,marcotte,YLR221C
marcotte229,marcotte,YDR432W
marcotte229,marcotte,YGL049C
marcotte70,marcotte,YBR170C
marcotte70,marcotte,YBL058W
marcotte70,marcotte,YMR067C
marcotte70,marcotte,YFL044C
marcotte70,marcotte,YBR223C
marcotte70,marcotte,YDR049W
marcotte196,marcotte,YOL034W
marcotte196,marcotte,YDL105W
marcotte196,marcotte,YDR288W
marcotte222,marcotte,YDR001C
marcotte222,marcotte,YBR001C
marcotte275,marcotte,YBL052C
marcotte275,marcotte,YPR031W
marcotte206,marcotte,YGL120C
marcotte206,marcotte,YKR022C
marcotte164,marcotte,YJL208C
marcotte164,marcotte,YKR079C
marcotte164,marcotte,YMR099C
marcotte93,marcotte,YMR117C
marcotte93,marcotte,YIL144W
marcotte93,marcotte,YOL069W
marcotte93,marcotte,YER018C
marcotte162,marcotte,YDL195W
marcotte162,marcotte,YKR082W
marcotte162,marcotte,YHL039W
marcotte304,marcotte,YBL079W
marcotte304,marcotte,YMR153W
marcotte81,marcotte,YNL032W
marcotte81,marcotte,YNL099C
marcotte81,marcotte,YNL056W
marcotte81,marcotte,YCR095C
marcotte81,marcotte,YHL029C
marcotte336,marcotte,YHL020C
marcotte336,marcotte,YER120W
marcotte65,marcotte,YLL004W
marcotte65,marcotte,YML065W
marcotte65,marcotte,YPR162C
marcotte65,marcotte,YNL261W
marcotte65,marcotte,YBR060C
marcotte65,marcotte,YHR118C
marcotte371,marcotte,YAR042W
marcotte371,marcotte,YDL019C
marcotte327,marcotte,YJL002C
marcotte327,marcotte,YGL022W
marcotte372,marcotte,YHR179W
marcotte372,marcotte,YPL171C
marcotte159,marcotte,YBL056W
marcotte159,marcotte,YDR071C
marcotte159,marcotte,YER089C
marcotte233,marcotte,YGL094C
marcotte233,marcotte,YKL025C
marcotte269,marcotte,YER149C
marcotte269,marcotte,YLL021W
marcotte320,marcotte,YMR197C
marcotte320,marcotte,YOR036W
marcotte60,marcotte,YLR148W
marcotte60,marcotte,YPL045W
marcotte60,marcotte,YMR231W
marcotte60,marcotte,YLR396C
marcotte60,marcotte,YDL077C
marcotte60,marcotte,YDR080W
marcotte60,marcotte,YAL002W
marcotte363,marcotte,YER153C
marcotte363,marcotte,YNL274C
marcotte339,marcotte,YML091C
marcotte339,marcotte,YJL023C
marcotte136,marcotte,YGR240C
marcotte136,marcotte,YMR205C
marcotte136,marcotte,YOR138C
marcotte286,marcotte,YHR034C
marcotte286,marcotte,YCR060W
marcotte106,marcotte,YNL102W
marcotte106,marcotte,YBL035C
marcotte106,marcotte,YKL045W
marcotte106,marcotte,YIR008C
marcotte317,marcotte,YBR088C
marcotte317,marcotte,YKL113C
marcotte160,marcotte,YDL102W
marcotte160,marcotte,YJR006W
marcotte160,marcotte,YJR043C
marcotte55,marcotte,YNL221C
marcotte55,marcotte,YAL033W
marcotte55,marcotte,YHR062C
marcotte55,marcotte,YBR167C
marcotte55,marcotte,YBR257W
marcotte55,marcotte,YNL282W
marcotte55,marcotte,YBL018C
marcotte64,marcotte,YBL046W
marcotte64,marcotte,YNL201C
marcotte64,marcotte,YML010W
marcotte64,marcotte,YIL153W
marcotte64,marcotte,YDR075W
marcotte64,marcotte,YDR293C
marcotte358,marcotte,YML016C
marcotte358,marcotte,YKL088W
marcotte344,marcotte,YOR054C
marcotte344,marcotte,YDR436W
marcotte117,marcotte,YDR028C
marcotte117,marcotte,YDR422C
marcotte117,marcotte,YIL095W
marcotte117,marcotte,YNR034W
marcotte255,marcotte,YOR323C
marcotte255,marcotte,YCR079W
marcotte246,marcotte,YHR152W
marcotte246,marcotte,YMR308C
marcotte338,marcotte,YAL017W
marcotte338,marcotte,YOL045W
marcotte165,marcotte,YLL010C
marcotte165,marcotte,YOR043W
marcotte165,marcotte,YLR019W
marcotte361,marcotte,YBR052C
marcotte361,marcotte,YDR032C
marcotte249,marcotte,YBR125C
marcotte249,marcotte,YDR186C
marcotte253,marcotte,YHR076W
marcotte253,marcotte,YMR079W
marcotte179,marcotte,YIR001C
marcotte179,marcotte,YGR250C
marcotte179,marcotte,YNL016W
marcotte154,marcotte,YML095C
marcotte154,marcotte,YPL022W
marcotte154,marcotte,YAL027W
marcotte250,marcotte,YCR066W
marcotte250,marcotte,YGL058W
marcotte149,marcotte,YDR289C
marcotte149,marcotte,YGL246C
marcotte149,marcotte,YOR048C
marcotte291,marcotte,YNL098C
marcotte291,marcotte,YOR101W
marcotte35,marcotte,YDL185W
marcotte35,marcotte,YEL051W
marcotte35,marcotte,YGR020C
marcotte35,marcotte,YOR332W
marcotte35,marcotte,YKL080W
marcotte35,marcotte,YHR039C-A
marcotte35,marcotte,YKL119C
marcotte35,marcotte,YPR036W
marcotte35,marcotte,YJR033C
marcotte335,marcotte,YAL036C
marcotte335,marcotte,YOR091W
marcotte387,marcotte,YOR346W
marcotte387,marcotte,YOR251C
marcotte313,marcotte,YDR310C
marcotte313,marcotte,YOR279C
marcotte141,marcotte,YLR262C
marcotte141,marcotte,YDR137W
marcotte141,marcotte,YLR039C
marcotte190,marcotte,YDR279W
marcotte190,marcotte,YLR154C
marcotte190,marcotte,YNL072W
marcotte94,marcotte,YER070W
marcotte94,marcotte,YJL026W
marcotte94,marcotte,YGR180C
marcotte94,marcotte,YOR230W
marcotte349,marcotte,YOL127W
marcotte349,marcotte,YDR382W
marcotte369,marcotte,YGL103W
marcotte369,marcotte,YDL075W
marcotte393,marcotte,YOR063W
marcotte228,marcotte,YGL076C
marcotte228,marcotte,YPL198W
marcotte302,marcotte,YLR340W
marcotte302,marcotte,YLR287C
marcotte223,marcotte,YOR014W
marcotte223,marcotte,YPL152W
marcotte284,marcotte,YJL025W
marcotte284,marcotte,YBL014C
marcotte268,marcotte,YBL103C
marcotte268,marcotte,YOL067C
marcotte235,marcotte,YLL002W
marcotte235,marcotte,YNL246W
marcotte381,marcotte,YDR159W
marcotte381,marcotte,YOL072W
marcotte347,marcotte,YLR180W
marcotte347,marcotte,YDR502C
marcotte370,marcotte,YOR213C
marcotte370,marcotte,YOR229W
marcotte140,marcotte,YGR285C
marcotte140,marcotte,YJL080C
marcotte140,marcotte,YHR064C
marcotte120,marcotte,YPR181C
marcotte120,marcotte,YPL085W
marcotte120,marcotte,YHR098C
marcotte120,marcotte,YNL049C
marcotte266,marcotte,YKL196C
marcotte266,marcotte,YBL050W
marcotte112,marcotte,YOR254C
marcotte112,marcotte,YPL094C
marcotte112,marcotte,YBR171W
marcotte112,marcotte,YLR292C
marcotte379,marcotte,YLR026C
marcotte379,marcotte,YDR189W
marcotte221,marcotte,YER081W
marcotte221,marcotte,YIL074C
marcotte396,marcotte,YPL047W
marcotte109,marcotte,YGL213C
marcotte109,marcotte,YLR398C
marcotte109,marcotte,YPR189W
marcotte109,marcotte,YKL023W
marcotte133,marcotte,YDR328C
marcotte133,marcotte,YDR131C
marcotte133,marcotte,YMR258C
marcotte355,marcotte,YOR154W
marcotte355,marcotte,YER140W
marcotte324,marcotte,YLR025W
marcotte324,marcotte,YPR173C
marcotte188,marcotte,YJR102C
marcotte188,marcotte,YLR417W
marcotte188,marcotte,YPL002C
marcotte203,marcotte,YJL036W
marcotte203,marcotte,YDR425W
marcotte386,marcotte,YFL059W
marcotte386,marcotte,YMR096W
marcotte374,marcotte,YGL093W
marcotte374,marcotte,YDR532C
marcotte92,marcotte,YLR212C
marcotte92,marcotte,YNL126W
marcotte92,marcotte,YHR172W
marcotte92,marcotte,YAL047C
marcotte263,marcotte,YPR069C
marcotte263,marcotte,YLR146C
marcotte341,marcotte,YGR116W
marcotte341,marcotte,YPR133C
marcotte116,marcotte,YCL008C
marcotte116,marcotte,YLR119W
marcotte116,marcotte,YPL065W
marcotte116,marcotte,YGR206W
marcotte299,marcotte,YDR292C
marcotte299,marcotte,YKL154W
marcotte126,marcotte,YLR006C
marcotte126,marcotte,YNR031C
marcotte126,marcotte,YCR073C
marcotte126,marcotte,YDL013W
marcotte312,marcotte,YIL143C
marcotte312,marcotte,YOR352W
marcotte245,marcotte,YLR362W
marcotte245,marcotte,YCL032W
marcotte321,marcotte,YMR149W
marcotte321,marcotte,YEL002C
marcotte173,marcotte,YPL129W
marcotte173,marcotte,YCR042C
marcotte173,marcotte,YML114C
marcotte298,marcotte,YLR354C
marcotte298,marcotte,YGR043C
marcotte151,marcotte,YGR071C
marcotte151,marcotte,YPL128C
marcotte151,marcotte,YLR373C
marcotte67,marcotte,YGR047C
marcotte67,marcotte,YBR123C
marcotte67,marcotte,YOR110W
marcotte67,marcotte,YDR362C
marcotte67,marcotte,YAL001C
marcotte67,marcotte,YPL007C
marcotte376,marcotte,YIL078W
marcotte376,marcotte,YKR018C
marcotte216,marcotte,YER007C-A
marcotte216,marcotte,YJR014W
marcotte259,marcotte,YOR194C
marcotte259,marcotte,YKL058W
marcotte98,marcotte,YBR126C
marcotte98,marcotte,YMR261C
marcotte98,marcotte,YML100W
marcotte98,marcotte,YDR074W
marcotte240,marcotte,YNR046W
marcotte240,marcotte,YOL124C
marcotte346,marcotte,YBR061C
marcotte346,marcotte,YPL183C
marcotte214,marcotte,YDL201W
marcotte214,marcotte,YDR165W
marcotte231,marcotte,YER090W
marcotte231,marcotte,YKL211C
marcotte218,marcotte,YDR353W
marcotte218,marcotte,YHR106W
marcotte348,marcotte,YGR209C
marcotte348,marcotte,YHR199C
marcotte260,marcotte,YML085C
marcotte260,marcotte,YFL037W
marcotte247,marcotte,YKL210W
marcotte247,marcotte,YDR415C
marcotte272,marcotte,YPL003W
marcotte272,marcotte,YPR066W
marcotte288,marcotte,YBR082C
marcotte288,marcotte,YKL010C
marcotte294,marcotte,YBL067C
marcotte294,marcotte,YOL087C
marcotte351,marcotte,YLR024C
marcotte351,marcotte,YDR051C
marcotte142,marcotte,YGR048W
marcotte142,marcotte,YBR273C
marcotte142,marcotte,YDR330W
marcotte390,marcotte,YMR271C
marcotte390,marcotte,YML106W
marcotte318,marcotte,YKL014C
marcotte318,marcotte,YJR041C
marcotte305,marcotte,YPR152C
marcotte305,marcotte,YBR194W
marcotte384,marcotte,YEL041W
marcotte384,marcotte,YJR049C
marcotte198,marcotte,YEL005C
marcotte198,marcotte,YGL079W
marcotte198,marcotte,YNL086W
marcotte238,marcotte,YLR447C
marcotte238,marcotte,YOR270C
marcotte131,marcotte,YPL120W
marcotte131,marcotte,YBR097W
marcotte131,marcotte,YLR240W
marcotte131,marcotte,YLR360W
marcotte174,marcotte,YDR027C
marcotte174,marcotte,YJL029C
marcotte174,marcotte,YDR484W
marcotte397,marcotte,YML007W
marcotte278,marcotte,YHR135C
marcotte278,marcotte,YNL154C
marcotte394,marcotte,YLR249W
marcotte364,marcotte,YKL126W
marcotte364,marcotte,YMR104C
marcotte345,marcotte,YBL036C
marcotte345,marcotte,YNL247W
marcotte132,marcotte,YDL025C
marcotte132,marcotte,YGR016W
marcotte132,marcotte,YHR009C
marcotte132,marcotte,YAL049C
marcotte254,marcotte,YDR357C
marcotte254,marcotte,YKL061W
marcotte300,marcotte,YGR130C
marcotte300,marcotte,YMR031C
marcotte241,marcotte,YGR283C
marcotte241,marcotte,YMR310C
_group385,auto,YBR217W
_group385,auto,YBL078C
_group385,auto,YNL223W
_group385,auto,YHR171W
_group385,auto,YNR007C
_group385,auto,YLL042C
_group385,auto,YMR159C
_group385,auto,YPL149W
_group159,auto,YIL004C
_group159,auto,YIL109C
_group159,auto,YHL031C
_group159,auto,YKL006C-A
_group159,auto,YGR191W
_group159,auto,YPL218W
_group159,auto,YDR498C
_group159,auto,YLR078C
_group159,auto,YDR170C
_group159,auto,YPL187W
_group265,auto,YGR193C
_group265,auto,YBR208C
_group829,auto,YCL029C
_group829,auto,YER016W
_group829,auto,YML124C
_group829,auto,YLR045C
_group829,auto,YPL269W
_group829,auto,YNL148C
_group829,auto,YPL155C
_group829,auto,YDR150W
_group879,auto,YDL091C
_group879,auto,YJL048C
_group879,auto,YML013W
_group643,auto,YOR033C
_group643,auto,YGR258C
_group438,auto,YDR086C
_group438,auto,YLR378C
_group910,auto,YDR457W
_group910,auto,YBL005W
_group910,auto,YOR023C
_group451,auto,YMR198W
_group451,auto,YPR141C
_group451,auto,YPL253C
_group1137,auto,YBL059W
_group1137,auto,YCR099C
_group314,auto,YGL090W
_group314,auto,YOR005C
_group314,auto,YLR265C
_group286,auto,YGR222W
_group286,auto,YNR045W
_group691,auto,YER068W
_group691,auto,YIL038C
_group691,auto,YKR036C
_group583,auto,YPR166C
_group583,auto,YKL003C
_group583,auto,YNR036C
_group1134,auto,YBL031W
_group1134,auto,YDR229W
_group1134,auto,YMR124W
_group1110,auto,YLR332W
_group1110,auto,YOL109W
_group558,auto,YGR082W
_group558,auto,YNL070W
_group558,auto,YNL131W
_group558,auto,YNL121C
_group558,auto,YPR133W-A
_group558,auto,YOR045W
_group558,auto,YMR060C
_group558,auto,YHR083W
_group558,auto,YNL026W
_group558,auto,YNL055C
_group300,auto,YDR181C
_group300,auto,YMR127C
_group603,auto,YJR060W
_group603,auto,YGR140W
_group603,auto,YNL307C
_group603,auto,YJR089W
_group603,auto,YJL194W
_group603,auto,YFL009W
_group603,auto,YIR017C
_group603,auto,YOR057W
_group603,auto,YLR097C
_group603,auto,YLR352W
_group603,auto,YML088W
_group603,auto,YMR094W
_group603,auto,YKL049C
_group603,auto,YDR306C
_group603,auto,YJL149W
_group603,auto,YLR368W
_group603,auto,YOR080W
_group603,auto,YDL227C
_group603,auto,YKL089W
_group603,auto,YGL149W
_group603,auto,YLR224W
_group603,auto,YMR168C
_group655,auto,YBR236C
_group655,auto,YJR017C
_group1143,auto,YBR168W
_group1143,auto,YHR150W
_group1143,auto,YLR324W
_group1143,auto,YDR479C
_group1143,auto,YGR004W
_group630,auto,YDR139C
_group630,auto,YGR003W
_group630,auto,YLR306W
_group543,auto,YOL108C
_group543,auto,YDL106C
_group543,auto,YDR123C
_group543,auto,YFR034C
_group543,auto,YKR099W
_group543,auto,YDR079C-A
_group543,auto,YPL122C
_group543,auto,YOR344C
_group572,auto,YDL067C
_group572,auto,YHR051W
_group519,auto,YER032W
_group519,auto,YNL322C
_group519,auto,YGR178C
_group519,auto,YIL123W
_group519,auto,YBR233W
_group519,auto,YDR104C
_group519,auto,YFR046C
_group519,auto,YLR419W
_group519,auto,YHR121W
_group875,auto,YCL009C
_group875,auto,YMR108W
_group559,auto,YER100W
_group559,auto,YMR022W
_group559,auto,YEL012W
_group805,auto,YDR073W
_group805,auto,YOR189W
_group1021,auto,YLR093C
_group1021,auto,YOR106W
_group1021,auto,YEL013W
_group1021,auto,YPR185W
_group1021,auto,YHR195W
_group1021,auto,YGL212W
_group1021,auto,YDL015C
_group1021,auto,YGL180W
_group387,auto,YER044C
_group387,auto,YGR060W
_group387,auto,YGL001C
_group387,auto,YLR100W
_group387,auto,YGR175C
_group387,auto,YHR007C
_group387,auto,YML008C
_group387,auto,YHR072W
_group496,auto,YER179W
_group496,auto,YOR191W
_group496,auto,YLR067C
_group496,auto,YLR134W
_group496,auto,YNR016C
_group496,auto,YDL127W
_group496,auto,YBR073W
_group496,auto,YDR146C
_group496,auto,YPL121C
_group1176,auto,YDR492W
_group1176,auto,YJR067C
_group1176,auto,YNL260C
_group1133,auto,YBL025W
_group1133,auto,YMR270C
_group1133,auto,YIL141W
_group1133,auto,YJR087W
_group1133,auto,YLR141W
_group1131,auto,YAR027W
_group1131,auto,YAR030C
_group612,auto,YOR056C
_group612,auto,YPL012W
_group1184,auto,YDR135C
_group1184,auto,YGL181W
_group1184,auto,YLR188W
_group1049,auto,YDR253C
_group1049,auto,YPL038W
_group1087,auto,YGR184C
_group1087,auto,YPL177C
_group545,auto,Q0105
_group545,auto,YOR065W
_group545,auto,YEL024W
_group545,auto,YBR118W
_group545,auto,YMR255W
_group545,auto,YOR046C
_group545,auto,YDL207W
_group545,auto,YDR192C
_group545,auto,YMR235C
_group1116,auto,YPL164C
_group1116,auto,YOL043C
_group450,auto,YJL110C
_group450,auto,YKR034W
_group450,auto,YHR060W
_group450,auto,YDR078C
_group450,auto,YHL006C
_group450,auto,YIL152W
_group450,auto,YLR376C
_group450,auto,YIL132C
_group571,auto,YDR218C
_group571,auto,YNL166C
_group860,auto,YIL129C
_group860,auto,YNL025C
_group860,auto,YPR115W
_group860,auto,YLR228C
_group860,auto,YER013W
_group860,auto,YGR097W
_group860,auto,YDR259C
_group860,auto,YPL089C
_group860,auto,YKR086W
_group860,auto,YLR261C
_group860,auto,YLR322W
_group860,auto,YLR358C
_group860,auto,YNL145W
_group860,auto,YOL116W
_group341,auto,YDR064W
_group341,auto,YLR441C
_group871,auto,YKL084W
_group871,auto,YGL158W
_group871,auto,YNL167C
_group871,auto,YBR182C
_group871,auto,YDR423C
_group871,auto,YJL093C
_group871,auto,YLR138W
_group871,auto,YML132W
_group631,auto,YFL048C
_group631,auto,YLR080W
_group1156,auto,YBL044W
_group1156,auto,YJL159W
_group1156,auto,YBR064W
_group1156,auto,YDL023C
_group1160,auto,YGL249W
_group1160,auto,YLR128W
_group439,auto,YHR161C
_group439,auto,YGR241C
_group439,auto,YDL161W
_group439,auto,YOR105W
_group439,auto,YOL101C
_group439,auto,YDR320C
_group439,auto,YLR206W
_group54,auto,YEL027W
_group54,auto,YHR026W
_group54,auto,YMR054W
_group54,auto,YPL234C
_group54,auto,YKL029C
_group1201,auto,YHR014W
_group1201,auto,YHR185C
_group1201,auto,YIL007C
_group1170,auto,YDR396W
_group1170,auto,YER159C
_group1170,auto,YDR397C
_group379,auto,YLL039C
_group379,auto,YDL190C
_group379,auto,YEL037C
_group379,auto,YER143W
_group379,auto,YML097C
_group379,auto,YIL148W
_group379,auto,YMR276W
_group379,auto,YPL096W
_group815,auto,Q0130
_group815,auto,Q0085
_group815,auto,YBR039W
_group815,auto,YDL004W
_group815,auto,YDR322C-A
_group815,auto,YDR377W
_group815,auto,YPL078C
_group815,auto,Q0080
_group621,auto,YGL116W
_group621,auto,YKL101W
_group621,auto,YBR133C
_group621,auto,YJL187C
_group621,auto,YDR113C
_group621,auto,YOL122C
_group621,auto,YGL003C
_group621,auto,YBR274W
_group621,auto,YGR098C
_group621,auto,YJL013C
_group762,auto,YHL022C
_group762,auto,YHR157W
_group762,auto,YLR329W
_group339,auto,YMR121C
_group339,auto,YPR043W
_group339,auto,YLR029C
_group1,auto,YER148W
_group1,auto,YNL039W
_group1,auto,YGR246C
_group1,auto,YMR039C
_group1,auto,YPR086W
_group1,auto,YEL009C
_group1,auto,YKL038W
_group1,auto,YDR216W
_group1,auto,YDL194W
_group1,auto,YDR277C
_group1,auto,YOR047C
_group1,auto,YOR298C-A
_group412,auto,YNL309W
_group412,auto,YMR053C
_group412,auto,YDR169C
_group412,auto,YMR019W
_group412,auto,YHR178W
_group412,auto,YGL013C
_group412,auto,YKL072W
_group478,auto,YDR335W
_group478,auto,YML103C
_group478,auto,YJL039C
_group478,auto,YKL068W
_group478,auto,YMR129W
_group478,auto,YPL125W
_group767,auto,YCL063W
_group767,auto,YER150W
_group767,auto,YJL043W
_group428,auto,YDL035C
_group428,auto,YER020W
_group428,auto,YJR094C
_group428,auto,YAL056W
_group428,auto,YPL268W
_group428,auto,YJL106W
_group428,auto,YOR371C
_group428,auto,YLR336C
_group726,auto,YGR172C
_group726,auto,YBL049W
_group726,auto,YGL198W
_group726,auto,YNL044W
_group726,auto,YNL263C
_group726,auto,YDR100W
_group726,auto,YGL161C
_group726,auto,YNL304W
_group726,auto,YPR028W
_group1081,auto,YGR100W
_group1081,auto,YJR134C
_group1159,auto,YML054C
_group1159,auto,YNR017W
_group1159,auto,YFL016C
_group1159,auto,YOR232W
_group1159,auto,YJL143W
_group1159,auto,YIL022W
_group1159,auto,YDL110C
_group1159,auto,YLR125W
_group1159,auto,YEL030W
_group1159,auto,YGR033C
_group1159,auto,YGR181W
_group1159,auto,YJL104W
_group1159,auto,YLR008C
_group1159,auto,YJL064W
_group1159,auto,YPL063W
_group1159,auto,YJR135W-A
_group1159,auto,YLR369W
_group825,auto,YEL065W
_group825,auto,YDR077W
_group825,auto,YOR330C
_group652,auto,YJL089W
_group652,auto,YNL257C
_group652,auto,YBR066C
_group652,auto,YGL035C
_group652,auto,YER129W
_group652,auto,YML006C
_group490,auto,YJL141C
_group490,auto,YNL076W
_group464,auto,YPL074W
_group464,auto,YOL100W
_group1225,auto,YLL016W
_group1225,auto,YBL075C
_group1225,auto,YER103W
_group1225,auto,YLL017W
_group581,auto,YKL170W
_group581,auto,YDL202W
_group581,auto,YHR147C
_group581,auto,YGR076C
_group581,auto,YBR282W
_group581,auto,YMR286W
_group581,auto,YMR225C
_group581,auto,YPL183W-A
_group970,auto,YFL029C
_group970,auto,YGR108W
_group970,auto,YGR109C
_group970,auto,YAL019W
_group970,auto,YAL028W
_group970,auto,YBL013W
_group970,auto,YBR038W
_group970,auto,YBR138C
_group970,auto,YCL051W
_group970,auto,YCR065W
_group970,auto,YDL189W
_group970,auto,YDR093W
_group970,auto,YDR348C
_group970,auto,YDR501W
_group970,auto,YER041W
_group970,auto,YER167W
_group970,auto,YGL216W
_group970,auto,YGL235W
_group970,auto,YGR035C
_group970,auto,YGR221C
_group970,auto,YGR270W
_group970,auto,YHL035C
_group970,auto,YHL050C
_group970,auto,YHR149C
_group970,auto,YHR159W
_group970,auto,YIL031W
_group970,auto,YIL101C
_group970,auto,YIL122W
_group970,auto,YIL140W
_group970,auto,YIR023W
_group970,auto,YJL060W
_group970,auto,YJR054W
_group970,auto,YJR059W
_group970,auto,YKL043W
_group970,auto,YKL048C
_group970,auto,YKL116C
_group970,auto,YKL185W
_group970,auto,YKR078W
_group970,auto,YKR089C
_group970,auto,YKR090W
_group970,auto,YKR091W
_group970,auto,YLR035C-A
_group970,auto,YLR183C
_group970,auto,YLR187W
_group970,auto,YLR190W
_group970,auto,YLR219W
_group970,auto,YLR401C
_group970,auto,YML027W
_group970,auto,YML034W
_group970,auto,YML119W
_group970,auto,YMR036C
_group970,auto,YNL058C
_group970,auto,YNL278W
_group970,auto,YNL321W
_group970,auto,YNL339C
_group970,auto,YNR047W
_group970,auto,YOL036W
_group970,auto,YOL058W
_group970,auto,YOR037W
_group970,auto,YOR058C
_group970,auto,YOR066W
_group970,auto,YOR081C
_group970,auto,YOR104W
_group970,auto,YOR188W
_group970,auto,YOR195W
_group970,auto,YPL250C
_group970,auto,YPL267W
_group970,auto,YPR030W
_group970,auto,YPR174C
_group921,auto,YBR041W
_group921,auto,YMR246W
_group921,auto,YOR317W
_group1057,auto,YDR486C
_group1057,auto,YLR181C
_group388,auto,YMR055C
_group388,auto,YNL188W
_group388,auto,YOR257W
_group388,auto,YDR356W
_group388,auto,YKL189W
_group388,auto,YDL028C
_group388,auto,YKL042W
_group388,auto,YKL067W
_group388,auto,YOR373W
_group388,auto,YBR158W
_group388,auto,YDL239C
_group388,auto,YGL075C
_group388,auto,YKR095W
_group388,auto,YLL003W
_group388,auto,YOR177C
_group388,auto,YPL255W
_group388,auto,YHR184W
_group388,auto,YNL225C
_group388,auto,YOL091W
_group388,auto,YIL149C
_group388,auto,YPL124W
_group388,auto,YOR176W
_group278,auto,YML043C
_group278,auto,YKL125W
_group596,auto,YNL124W
_group596,auto,YDL208W
_group596,auto,YHR089C
_group596,auto,YHR072W-A
_group596,auto,YHL034C
_group596,auto,YLR389C
_group596,auto,YIL104C
_group134,auto,YMR059W
_group134,auto,YPL083C
_group134,auto,YLR105C
_group134,auto,YAR008W
_group1240,auto,YLR406C
_group1240,auto,YMR242C
_group1240,auto,YGL030W
_group1240,auto,YJL189W
_group1240,auto,YLR366W
_group790,auto,YNL233W
_group790,auto,YDR130C
_group790,auto,YOR329C
_group790,auto,YER054C
_group790,auto,YJL042W
_group790,auto,YBL061C
_group790,auto,YBR023C
_group790,auto,YDR412W
_group790,auto,YBR050C
_group790,auto,YOR227W
_group718,auto,YER131W
_group718,auto,YGL189C
_group926,auto,YBL019W
_group926,auto,YHR031C
_group615,auto,YKL110C
_group657,auto,YER116C
_group384,auto,YBR128C
_group649,auto,YKR072C
_group622,auto,YKL138C-A
_group493,auto,YDR184C
_group565,auto,YDL113C
_group444,auto,YLR238W
_group444,auto,YDR200C
_group444,auto,YFR008W
_group444,auto,YMR052W
_group444,auto,YMR029C
_group444,auto,YNL127W
_group429,auto,YIL072W
_group429,auto,YOR351C
_group1043,auto,YDL220C
_group1043,auto,YDR082W
_group1043,auto,YMR260C
_group1043,auto,YLR233C
_group1043,auto,YLR010C
_group448,auto,YJR086W
_group448,auto,YER124C
_group448,auto,YIL047C
_group448,auto,YER123W
_group448,auto,YFL026W
_group448,auto,YGR115C
_group103,auto,Q0045
_group103,auto,Q0275
_group103,auto,Q0250
_group103,auto,YER154W
_group103,auto,YBR037C
_group103,auto,YBR024W
_group1165,auto,UNKNOWN_FYV9
_group1165,auto,YDR140W
_group37,auto,YJR132W
_group37,auto,YMR080C
_group37,auto,YHR077C
_group37,auto,YLR363C
_group37,auto,YGR072W
_group37,auto,YBR270C
_group349,auto,YDR217C
_group349,auto,YML058W
_group349,auto,YIL066C
_group349,auto,YBL051C
_group349,auto,YDL101C
_group349,auto,YPL127C
_group484,auto,YER118C
_group484,auto,YAL031C
_group484,auto,YCL027W
_group484,auto,YGR014W
_group484,auto,YKL086W
_group484,auto,YML028W
_group1040,auto,YKL041W
_group1040,auto,YDR069C
_group1040,auto,YPL084W
_group1040,auto,YMR077C
_group1040,auto,YKL002W
_group242,auto,YJL076W
_group242,auto,YBR156C
_group242,auto,YPL209C
_group242,auto,YFR028C
_group242,auto,YDR110W
_group242,auto,YDR026C
_group333,auto,YOR178C
_group333,auto,YDL235C
_group333,auto,YIL147C
_group333,auto,YHR206W
_group333,auto,YGL073W
_group333,auto,YIR004W
_group1157,auto,YDL059C
_group1157,auto,YGR049W
_group1229,auto,YKL056C
_group1229,auto,YLR285W
_group1229,auto,YKL087C
_group1229,auto,YLR053C
_group1202,auto,YBR003W
_group1202,auto,YGL096W
_group1202,auto,YHR035W
_group1202,auto,YNL050C
_group1202,auto,YNR050C
_group535,auto,YER173W
_group535,auto,YPL008W
_group535,auto,YFR027W
_group535,auto,YJL019W
_group1224,auto,YML074C
_group1224,auto,YPR073C
_group1224,auto,YKL112W
_group1224,auto,YKL160W
_group1224,auto,YKL036C
_group298,auto,YGL153W
_group298,auto,YNL214W
_group298,auto,YLR191W
_group298,auto,YDR329C
_group298,auto,YDR244W
_group298,auto,YDR142C
_group298,auto,YGR239C
_group298,auto,YHR160C
_group298,auto,YAL055W
_group298,auto,YDR265W
_group298,auto,YGR133W
_group298,auto,YOL147C
_group298,auto,YDR023W
_group298,auto,YIL160C
_group298,auto,YJR012C
_group298,auto,YGL205W
_group298,auto,YGR077C
_group298,auto,YJL210W
_group298,auto,YMR026C
_group282,auto,YPL242C
_group282,auto,YDR085C
_group282,auto,YDL178W
_group282,auto,YBR200W
_group282,auto,YLR229C
_group282,auto,YHL007C
_group282,auto,YGR152C
_group282,auto,YJL157C
_group282,auto,YBL085W
_group282,auto,YPR120C
_group282,auto,YPL161C
_group282,auto,YNL298W
_group282,auto,YHR061C
_group282,auto,YDR309C
_group282,auto,YBL105C
_group282,auto,YPR165W
_group282,auto,YDL135C
_group282,auto,YIL163C
_group282,auto,YBL039C
_group282,auto,YDR239C
_group282,auto,YER158C
_group282,auto,YDR379W
_group282,auto,YDR389W
_group282,auto,YOR127W
_group282,auto,YPL115C
_group282,auto,YDL240W
_group282,auto,YOL113W
_group282,auto,YNL090W
_group282,auto,YOR134W
_group821,auto,YGL071W
_group821,auto,YPR052C
_group419,auto,YOR083W
_group1126,auto,YJL100W
_group1126,auto,YPR154W
_group1126,auto,YFR024C
_group1126,auto,YPR159W
_group1126,auto,YOR197W
_group1022,auto,YDL020C
_group1177,auto,YDR529C
_group852,auto,YGL215W
_group852,auto,YHR071W
_group852,auto,YER059W
_group852,auto,YDL179W
_group852,auto,YGL134W
_group852,auto,YNL289W
_group852,auto,YJR072C
_group852,auto,YOR032C
_group845,auto,YHR016C
_group845,auto,YCL034W
_group845,auto,YGR268C
_group845,auto,YBR108W
_group845,auto,YGR136W
_group845,auto,YJR083C
_group845,auto,YBR239C
_group845,auto,YLR144C
_group845,auto,YGL144C
_group845,auto,YOR042W
_group845,auto,YIL108W
_group733,auto,YAL025C
_group733,auto,YIL018W
_group733,auto,YER002W
_group733,auto,YLR106C
_group733,auto,YFR001W
_group733,auto,YFR031C-A
_group733,auto,YLR009W
_group733,auto,YOL041C
_group733,auto,YPL043W
_group733,auto,YKL082C
_group733,auto,YLR276C
_group679,auto,YGL162W
_group679,auto,YOR140W
_group679,auto,YGR249W
_group838,auto,YML099C
_group838,auto,YMR042W
_group838,auto,YCL067C
_group838,auto,YMR043W
_group838,auto,YCL066W
_group838,auto,YNL068C
_group838,auto,YOR372C
_group838,auto,YCR097W
_group838,auto,YCR039C
_group838,auto,YDR173C
_group730,auto,YKL181W
_group730,auto,YHL011C
_group403,auto,YJL090C
_group403,auto,YKL108W
_group403,auto,YHR144C
_group913,auto,YHR005C-A
_group913,auto,YMR056C
_group913,auto,YDL217C
_group913,auto,YEL020W-A
_group913,auto,YBR091C
_group913,auto,YOR297C
_group913,auto,YJL054W
_group913,auto,YLL006W
_group913,auto,YBL030C
_group800,auto,YDR283C
_group800,auto,YIL151C
_group800,auto,YNL027W
_group634,auto,YKL141W
_group634,auto,YLL041C
_group634,auto,YJR159W
_group634,auto,YBR044C
_group634,auto,YKL148C
_group552,auto,YOR368W
_group552,auto,YIL139C
_group518,auto,YHR128W
_group518,auto,YNR012W
_group518,auto,YHR073W
_group518,auto,YLR016C
_group518,auto,YLR132C
_group518,auto,YPR118W
_group518,auto,YJL168C
_group518,auto,YDR020C
_group57,auto,YPR032W
_group57,auto,YDR164C
_group57,auto,YNR049C
_group57,auto,YDR468C
_group57,auto,YGR009C
_group57,auto,YOL018C
_group57,auto,YOR327C
_group57,auto,YMR183C
_group57,auto,YPL232W
_group57,auto,YAL030W
_group57,auto,YBL106C
_group57,auto,YGL095C
_group57,auto,YAL014C
_group57,auto,YLR096W
_group57,auto,YKR020W
_group57,auto,YDR323C
_group57,auto,YMR017W
_group620,auto,YER036C
_group620,auto,YGL099W
_group620,auto,YML073C
_group620,auto,YHR010W
_group74,auto,YBR020W
_group74,auto,YML051W
_group74,auto,YDR009W
_group74,auto,YPL248C
_group74,auto,YBR089C-A
_group498,auto,YIL045W
_group498,auto,YLR273C
_group555,auto,YDR005C
_group555,auto,YLR048W
_group555,auto,YNL301C
_group116,auto,YOL121C
_group116,auto,YJL191W
_group116,auto,YOL040C
_group116,auto,YHL015W
_group116,auto,YGL123W
_group116,auto,YJR123W
_group116,auto,YPR132W
_group116,auto,YLR388W
_group116,auto,YBR048W
_group116,auto,YCR031C
_group116,auto,YNL302C
_group116,auto,YDL061C
_group116,auto,YDR450W
_group116,auto,YGR118W
_group116,auto,YLR367W
_group116,auto,YML026C
_group116,auto,YJL190C
_group116,auto,YBR189W
_group116,auto,YPL081W
_group116,auto,YDR117C
_group116,auto,YPL212C
_group480,auto,YDR076W
_group480,auto,YDR285W
_group480,auto,YLR394W
_group480,auto,YDR004W
_group854,auto,YMR092C
_group854,auto,YLL050C
_group854,auto,YGR080W
_group854,auto,YIL138C
_group854,auto,YNL271C
_group854,auto,YOR122C
_group854,auto,YIL159W
_group854,auto,YMR032W
_group854,auto,YKR055W
_group854,auto,YCR059C
_group854,auto,YOR367W
_group854,auto,YNL152W
_group854,auto,YKL079W
_group854,auto,YNL293W
_group1084,auto,YDL146W
_group1084,auto,YGR110W
_group1084,auto,YIL156W
_group331,auto,YDR019C
_group331,auto,YMR189W
_group331,auto,YAL044C
_group1209,auto,YIR038C
_group1209,auto,YLL060C
_group1209,auto,YJL097W
_group83,auto,YGL016W
_group83,auto,YIL063C
_group83,auto,YOR160W
_group83,auto,YCR038C
_group83,auto,YER009W
_group83,auto,YGL164C
_group83,auto,YMR180C
_group83,auto,YKL205W
_group8,auto,YNL088W
_group8,auto,YLR234W
_group8,auto,YMR190C
_group8,auto,YDL064W
_group8,auto,YDR510W
_group8,auto,YDR155C
_group8,auto,YOL068C
_group8,auto,YJL092W
_group8,auto,YNL042W
_group8,auto,YCR087C-A
_group8,auto,YDL055C
_group8,auto,YOR156C
_group8,auto,YDR446W
_group8,auto,YGL026C
_group8,auto,YIL053W
_group8,auto,YML126C
_group8,auto,YPR183W
_group8,auto,YOR355W
_group8,auto,YPL024W
_group626,auto,YKR010C
_group626,auto,YDL089W
_group626,auto,YDR439W
_group626,auto,YCR086W
_group869,auto,YBR179C
_group869,auto,YDR470C
_group869,auto,YOR211C
_group780,auto,YKL214C
_group780,auto,YHR127W
_group780,auto,YNL175C
_group893,auto,YIL065C
_group893,auto,YJL112W
_group893,auto,YLL001W
_group396,auto,YNL047C
_group396,auto,YJR066W
_group396,auto,YER093C
_group396,auto,YKL203C
_group396,auto,YNL006W
_group396,auto,YOL078W
_group396,auto,YHR186C
_group396,auto,YPL180W
_group396,auto,YIL105C
_group396,auto,YJL058C
_group396,auto,YMR068W
_group390,auto,YJL035C
_group390,auto,YLR136C
_group390,auto,YLR316C
_group353,auto,YDR409W
_group353,auto,YJL020C
_group781,auto,YBR029C
_group781,auto,YDR386W
_group781,auto,YBR098W
_group781,auto,YGL163C
_group822,auto,YDR174W
_group822,auto,YPR104C
_group822,auto,YDR223W
_group822,auto,YLR223C
_group110,auto,YJL095W
_group110,auto,YPL140C
_group110,auto,YOR231W
_group110,auto,YDR103W
_group110,auto,YGL178W
_group110,auto,YBL016W
_group110,auto,YLR313C
_group110,auto,YLR452C
_group110,auto,YHR030C
_group110,auto,YIL113W
_group110,auto,YER132C
_group110,auto,YBR046C
_group110,auto,YBR083W
_group110,auto,YER075C
_group110,auto,YNL053W
_group110,auto,YLR457C
_group110,auto,YDL180W
_group110,auto,YDL186W
_group110,auto,YDR319C
_group110,auto,YER188W
_group110,auto,YGR018C
_group110,auto,YGR185C
_group110,auto,YGR229C
_group110,auto,YOR208W
_group110,auto,YML038C
_group110,auto,YMR004W
_group520,auto,YER052C
_group520,auto,YDR464W
_group1187,auto,YDR213W
_group1187,auto,YGR021W
_group1187,auto,YHR156C
_group717,auto,YFR022W
_group717,auto,YIR033W
_group717,auto,YKL020C
_group717,auto,YOR018W
_group717,auto,YPR084W
_group39,auto,YDL167C
_group39,auto,YPL174C
_group39,auto,YER011W
_group39,auto,YMR294W
_group39,auto,YGL238W
_group39,auto,YOR153W
_group39,auto,YHR129C
_group609,auto,YJR091C
_group609,auto,YJL107C
_group2,auto,YPR102C
_group2,auto,YLR344W
_group2,auto,YKL180W
_group2,auto,YHL033C
_group2,auto,YBR084C-A
_group2,auto,YBL027W
_group2,auto,YGR085C
_group2,auto,YPL131W
_group2,auto,YGR034W
_group2,auto,YEL054C
_group2,auto,YDR418W
_group2,auto,YIL133C
_group2,auto,YNL069C
_group2,auto,YJL177W
_group2,auto,YPL220W
_group2,auto,YGL135W
_group2,auto,YBL087C
_group2,auto,YDR500C
_group2,auto,YLR185W
_group2,auto,YNL067W
_group2,auto,YGL147C
_group2,auto,YBL092W
_group2,auto,YDL081C
_group2,auto,YDL130W
_group2,auto,YOL039W
_group2,auto,YOR294W
_group2,auto,YMR131C
_group502,auto,YDR043C
_group502,auto,YGL236C
_group502,auto,YGL023C
_group502,auto,YMR023C
_group305,auto,YER074W
_group305,auto,YLR167W
_group305,auto,YIL069C
_group305,auto,YDL122W
_group305,auto,YKR094C
_group305,auto,YHR108W
_group305,auto,YDR153C
_group305,auto,YJR125C
_group876,auto,YNL064C
_group876,auto,YAL040C
_group876,auto,YBR155W
_group876,auto,YJR032W
_group876,auto,YKL117W
_group876,auto,YAL005C
_group876,auto,YNL007C
_group876,auto,YAR015W
_group876,auto,YBR290W
_group876,auto,YCL028W
_group876,auto,YCL037C
_group876,auto,YLR256W
_group876,auto,YDL199C
_group876,auto,YDR168W
_group876,auto,YDR214W
_group876,auto,YDR533C
_group876,auto,YFL011W
_group876,auto,YNL281W
_group876,auto,YPR201W
_group847,auto,YMR095C
_group847,auto,YNL333W
_group847,auto,YNL334C
_group1150,auto,YCL056C
_group1150,auto,YDL157C
_group1150,auto,YNL100W
_group501,auto,YHR015W
_group501,auto,YKL186C
_group1058,auto,YEL034W
_group1058,auto,YPL111W
_group1058,auto,YHR068W
_group1058,auto,YJR070C
_group457,auto,YOR265W
_group457,auto,YER007W
_group457,auto,YOR349W
_group688,auto,YBR202W
_group688,auto,YLR103C
_group688,auto,YLR274W
_group688,auto,YIL150C
_group688,auto,YBL023C
_group688,auto,YDL017W
_group688,auto,YEL032W
_group688,auto,YGL201C
_group688,auto,YPR019W
_group688,auto,YCL061C
_group688,auto,YGL113W
_group461,auto,YBR080C
_group461,auto,YLR043C
_group461,auto,YLR109W
_group461,auto,YPR167C
_group606,auto,YCL014W
_group606,auto,YLR131C
_group369,auto,YNL216W
_group369,auto,YPL075W
_group369,auto,YBR275C
_group369,auto,YLR453C
_group369,auto,YNL199C
_group703,auto,YDR180W
_group703,auto,YER147C
_group577,auto,YJR122W
_group577,auto,YFL028C
_group1094,auto,YJL034W
_group1094,auto,YHR079C
_group1094,auto,YKL073W
_group1094,auto,YMR214W
_group416,auto,YFR011C
_group416,auto,YBR077C
_group416,auto,YKR007W
_group416,auto,YML121W
_group840,auto,YGL060W
_group840,auto,YPL249C-A
_group1061,auto,YML019W
_group1061,auto,YDL232W
_group1061,auto,YER087C-B
_group1061,auto,YOR085W
_group1061,auto,YOR103C
_group1061,auto,YGL226C-A
_group1061,auto,YER019C-A
_group1190,auto,YLR150W
_group1190,auto,YDR088C
_group1190,auto,YKL183W
_group895,auto,YJR031C
_group895,auto,YKR030W
_group895,auto,YPL051W
_group895,auto,YER180C-A
_group1031,auto,YFR014C
_group1031,auto,YOL016C
_group1031,auto,YAR064W
_group1031,auto,YBR213W
_group1031,auto,YER023W
_group1031,auto,YFL003C
_group1031,auto,YFL010W-A
_group1031,auto,YFR054C
_group1031,auto,YGL063W
_group1031,auto,YGL229C
_group1031,auto,YGR050C
_group1031,auto,YGR144W
_group1031,auto,YHR028C
_group1031,auto,YJR073C
_group1031,auto,YKL175W
_group1031,auto,YLL051C
_group1031,auto,YLR443W
_group1031,auto,YMR200W
_group1031,auto,YMR250W
_group1031,auto,YNL066W
_group1031,auto,YNL079C
_group1031,auto,YNL202W
_group1031,auto,YOR029W
_group1031,auto,YDL154W
_group1146,auto,YHL023C
_group1146,auto,YLR123C
_group685,auto,YDR478W
_group685,auto,YGR030C
_group685,auto,YIR015W
_group685,auto,YLR145W
_group769,auto,YNL020C
_group769,auto,YOR284W
_group1120,auto,YKL197C
_group1120,auto,YNL329C
_group1120,auto,YOL044W
_group500,auto,YBR115C
_group500,auto,YGL154C
_group500,auto,YOR028C
_group500,auto,YGL254W
_group803,auto,YIR009W
_group803,auto,YNL091W
_group803,auto,YKL075C
_group803,auto,YNL245C
_group340,auto,YER056C-A
_group340,auto,YHL001W
_group340,auto,YKL006W
_group340,auto,YIL052C
_group1011,auto,YDL226C
_group1011,auto,YBR164C
_group1011,auto,YLR309C
_group476,auto,YOR020C
_group778,auto,YJL033W
_group768,auto,YOR096W
_group1179,auto,YPR091C
_group228,auto,YHR143W-A
_group399,auto,YJR005W
_group872,auto,YNL183C
_group1136,auto,YOR064C
_group759,auto,YDR440W
_group318,auto,YNL299W
_group900,auto,YNL230C
_group304,auto,YGL068W
_group1245,auto,YOR167C
_group1099,auto,YKL114C
_group723,auto,YPR184W
_group716,auto,YER086W
_group1024,auto,YDL120W
_group1243,auto,YOR389W
_group831,auto,YJR084W
_group1200,auto,YHL045W
_group1210,auto,YOR198C
_group695,auto,YDR358W
_group580,auto,YCR003W
_group656,auto,YIL118W
_group686,auto,YNL191W
_group669,auto,YNL209W
_group633,auto,YEL026W
_group618,auto,YLR007W
_group481,auto,YCR067C
_group513,auto,YPL147W
_group1171,auto,YMR216C
_group1056,auto,YDR456W
_group804,auto,YPR094W
_group1109,auto,YMR243C
_group405,auto,YPL135W
_group949,auto,YBR140C
_group1149,auto,YCL046W
_group1105,auto,YLR178C
_group1115,auto,YPR007C
_group802,auto,YNR038W
_group1228,auto,YLR051C
_group321,auto,YLL018C
_group1178,auto,YIR016W
_group774,auto,YML024W
_group1230,auto,YLR124W
_group1112,auto,YOR008C
_group761,auto,YLR032W
_group670,auto,YER155C
_group371,auto,YNL272C
_group1050,auto,YER033C
_group1068,auto,YJR035W
_group1103,auto,YOL112W
_group698,auto,YDL153C
_group922,auto,YGR024C
_group328,auto,YPR047W
_group1017,auto,YJL172W
_group1218,auto,YKR092C
_group918,auto,YBL088C
_group1023,auto,YDL088C
_group1060,auto,YER005W
_group352,auto,YNL215W
_group398,auto,YBR059C
_group947,auto,YLR176C
_group413,auto,YPR054W
_group197,auto,YKR101W
_group925,auto,YKL034W
_group1238,auto,YLR327C
_group1108,auto,YNL116W
_group391,auto,YBR216C
_group434,auto,YOR275C
_group266,auto,YER161C
_group1020,auto,YMR232W
_group1123,auto,YOR109W
_group475,auto,YDR373W
_group743,auto,YJL130C
_group205,auto,YGL220W
_group904,auto,YAL020C
_group1194,auto,YMR277W
_group295,auto,YDR499W
_group177,auto,YKL109W
_group722,auto,YIR011C
_group700,auto,YDR320C-A
_group806,auto,YAL026C
_group1027,auto,YDL125C
_group443,auto,YPR040W
_group1182,auto,YJL135W
